=== Environment =========================================================
  GPU:   NVIDIA A100-SXM4-80GB
  VRAM:  85.1 GB
  batch: 32
  gradient checkpointing: off  (auto: on below 48GB)
  output: /root/results
  mode:   full | epochs=5 | mask_ratio=0.3
=== Assets ==============================================================
  model:   facebook/ijepa_vith14_1k
  dataset: clane9/imagenet-100
  (cached under ~/.cache/huggingface M-bM-^@M-^T re-runs do not re-download)
  loaded:  631M params, 32 layers x 16 heads, patch 14
Using a slow image processor as `use_fast` is unset and a slow processor was saved with this model. `use_fast=True` will be the default behavior in v4.52, even if the model was saved with a slow processor. This will result in minor differences in outputs. You'll still be able to use a slow processor with `use_fast=False`.
  dataset: 126689 train / 5000 val available
  encoding train 1/128 [    0s elapsed,    51s left]    
  encoding train 2/128 [    1s elapsed,    50s left]    
  encoding train 3/128 [    1s elapsed,    49s left]    
  encoding train 4/128 [    2s elapsed,    49s left]    
  encoding train 5/128 [    2s elapsed,    48s left]    
  encoding train 6/128 [    2s elapsed,    47s left]    
  encoding train 7/128 [    3s elapsed,    47s left]    
  encoding train 8/128 [    3s elapsed,    47s left]    
  encoding train 9/128 [    3s elapsed,    46s left]    
  encoding train 10/128 [    4s elapsed,    46s left]    
  encoding train 11/128 [    4s elapsed,    45s left]    
  encoding train 12/128 [    5s elapsed,    45s left]    
  encoding train 13/128 [    5s elapsed,    44s left]    
  encoding train 14/128 [    5s elapsed,    44s left]    
  encoding train 15/128 [    6s elapsed,    44s left]    
  encoding train 16/128 [    6s elapsed,    43s left]    
  encoding train 17/128 [    7s elapsed,    43s left]    
  encoding train 18/128 [    7s elapsed,    42s left]    
  encoding train 19/128 [    7s elapsed,    42s left]    
  encoding train 20/128 [    8s elapsed,    41s left]    
  encoding train 21/128 [    8s elapsed,    41s left]    
  encoding train 22/128 [    8s elapsed,    40s left]    
  encoding train 23/128 [    9s elapsed,    40s left]    
  encoding train 24/128 [    9s elapsed,    40s left]    
  encoding train 25/128 [   10s elapsed,    39s left]    
  encoding train 26/128 [   10s elapsed,    39s left]    
  encoding train 27/128 [   10s elapsed,    38s left]    
  encoding train 28/128 [   11s elapsed,    38s left]    
  encoding train 29/128 [   11s elapsed,    38s left]    
  encoding train 30/128 [   11s elapsed,    37s left]    
  encoding train 31/128 [   12s elapsed,    37s left]    
  encoding train 32/128 [   12s elapsed,    36s left]    
  encoding train 33/128 [   13s elapsed,    36s left]    
  encoding train 34/128 [   13s elapsed,    36s left]    
  encoding train 35/128 [   13s elapsed,    35s left]    
  encoding train 36/128 [   14s elapsed,    35s left]    
  encoding train 37/128 [   14s elapsed,    34s left]    
  encoding train 38/128 [   14s elapsed,    34s left]    
  encoding train 39/128 [   15s elapsed,    34s left]    
  encoding train 40/128 [   15s elapsed,    33s left]    
  encoding train 41/128 [   15s elapsed,    33s left]    
  encoding train 42/128 [   16s elapsed,    32s left]    
  encoding train 43/128 [   16s elapsed,    32s left]    
  encoding train 44/128 [   17s elapsed,    32s left]    
  encoding train 45/128 [   17s elapsed,    31s left]    
  encoding train 46/128 [   17s elapsed,    31s left]    
  encoding train 47/128 [   18s elapsed,    30s left]    
  encoding train 48/128 [   18s elapsed,    30s left]    
  encoding train 49/128 [   18s elapsed,    30s left]    
  encoding train 50/128 [   19s elapsed,    29s left]    
  encoding train 51/128 [   19s elapsed,    29s left]    
  encoding train 52/128 [   19s elapsed,    28s left]    
  encoding train 53/128 [   20s elapsed,    28s left]    
  encoding train 54/128 [   20s elapsed,    28s left]    
  encoding train 55/128 [   21s elapsed,    27s left]    
  encoding train 56/128 [   21s elapsed,    27s left]    
  encoding train 57/128 [   21s elapsed,    27s left]    
  encoding train 58/128 [   22s elapsed,    26s left]    
  encoding train 59/128 [   22s elapsed,    26s left]    
  encoding train 60/128 [   22s elapsed,    25s left]    
  encoding train 61/128 [   23s elapsed,    25s left]    
  encoding train 62/128 [   23s elapsed,    25s left]    
  encoding train 63/128 [   24s elapsed,    24s left]    
  encoding train 64/128 [   24s elapsed,    24s left]    
  encoding train 65/128 [   24s elapsed,    24s left]    
  encoding train 66/128 [   25s elapsed,    23s left]    
  encoding train 67/128 [   25s elapsed,    23s left]    
  encoding train 68/128 [   25s elapsed,    22s left]    
  encoding train 69/128 [   26s elapsed,    22s left]    
  encoding train 70/128 [   26s elapsed,    22s left]    
  encoding train 71/128 [   26s elapsed,    21s left]    
  encoding train 72/128 [   27s elapsed,    21s left]    
  encoding train 73/128 [   27s elapsed,    20s left]    
  encoding train 74/128 [   27s elapsed,    20s left]    
  encoding train 75/128 [   28s elapsed,    20s left]    
  encoding train 76/128 [   28s elapsed,    19s left]    
  encoding train 77/128 [   29s elapsed,    19s left]    
  encoding train 78/128 [   29s elapsed,    19s left]    
  encoding train 79/128 [   29s elapsed,    18s left]    
  encoding train 80/128 [   30s elapsed,    18s left]    
  encoding train 81/128 [   30s elapsed,    17s left]    
  encoding train 82/128 [   30s elapsed,    17s left]    
  encoding train 83/128 [   31s elapsed,    17s left]    
  encoding train 84/128 [   31s elapsed,    16s left]    
  encoding train 85/128 [   31s elapsed,    16s left]    
  encoding train 86/128 [   32s elapsed,    15s left]    
  encoding train 87/128 [   32s elapsed,    15s left]    
  encoding train 88/128 [   32s elapsed,    15s left]    
  encoding train 89/128 [   33s elapsed,    14s left]    
  encoding train 90/128 [   33s elapsed,    14s left]    
  encoding train 91/128 [   33s elapsed,    14s left]    
  encoding train 92/128 [   34s elapsed,    13s left]    
  encoding train 93/128 [   34s elapsed,    13s left]    
  encoding train 94/128 [   34s elapsed,    12s left]    
  encoding train 95/128 [   35s elapsed,    12s left]    
  encoding train 96/128 [   35s elapsed,    12s left]    
  encoding train 97/128 [   35s elapsed,    11s left]    
  encoding train 98/128 [   36s elapsed,    11s left]    
  encoding train 99/128 [   36s elapsed,    11s left]    
  encoding train 100/128 [   36s elapsed,    10s left]    
  encoding train 101/128 [   37s elapsed,    10s left]    
  encoding train 102/128 [   37s elapsed,     9s left]    
  encoding train 103/128 [   37s elapsed,     9s left]    
  encoding train 104/128 [   38s elapsed,     9s left]    
  encoding train 105/128 [   38s elapsed,     8s left]    
  encoding train 106/128 [   38s elapsed,     8s left]    
  encoding train 107/128 [   39s elapsed,     8s left]    
  encoding train 108/128 [   39s elapsed,     7s left]    
  encoding train 109/128 [   39s elapsed,     7s left]    
  encoding train 110/128 [   40s elapsed,     7s left]    
  encoding train 111/128 [   40s elapsed,     6s left]    
  encoding train 112/128 [   41s elapsed,     6s left]    
  encoding train 113/128 [   41s elapsed,     5s left]    
  encoding train 114/128 [   41s elapsed,     5s left]    
  encoding train 115/128 [   42s elapsed,     5s left]    
  encoding train 116/128 [   42s elapsed,     4s left]    
  encoding train 117/128 [   42s elapsed,     4s left]    
  encoding train 118/128 [   43s elapsed,     4s left]    
  encoding train 119/128 [   43s elapsed,     3s left]    
  encoding train 120/128 [   43s elapsed,     3s left]    
  encoding train 121/128 [   44s elapsed,     3s left]    
  encoding train 122/128 [   44s elapsed,     2s left]    
  encoding train 123/128 [   44s elapsed,     2s left]    
  encoding train 124/128 [   45s elapsed,     1s left]    
  encoding train 125/128 [   45s elapsed,     1s left]    
  encoding train 126/128 [   45s elapsed,     1s left]    
  encoding train 127/128 [   46s elapsed,     0s left]    
  encoding train 128/128 [   46s elapsed,     0s left]    
  encoding probe-train 1/79 [    0s elapsed,    22s left]    
  encoding probe-train 2/79 [    1s elapsed,    23s left]    
  encoding probe-train 3/79 [    1s elapsed,    22s left]    
  encoding probe-train 4/79 [    1s elapsed,    23s left]    
  encoding probe-train 5/79 [    1s elapsed,    22s left]    
  encoding probe-train 6/79 [    2s elapsed,    23s left]    
  encoding probe-train 7/79 [    2s elapsed,    22s left]    
  encoding probe-train 8/79 [    2s elapsed,    22s left]    
  encoding probe-train 9/79 [    3s elapsed,    22s left]    
  encoding probe-train 10/79 [    3s elapsed,    21s left]    
  encoding probe-train 11/79 [    3s elapsed,    21s left]    
  encoding probe-train 12/79 [    4s elapsed,    21s left]    
  encoding probe-train 13/79 [    4s elapsed,    21s left]    
  encoding probe-train 14/79 [    4s elapsed,    21s left]    
  encoding probe-train 15/79 [    5s elapsed,    20s left]    
  encoding probe-train 16/79 [    5s elapsed,    20s left]    
  encoding probe-train 17/79 [    5s elapsed,    19s left]    
  encoding probe-train 18/79 [    6s elapsed,    19s left]    
  encoding probe-train 19/79 [    6s elapsed,    19s left]    
  encoding probe-train 20/79 [    6s elapsed,    18s left]    
  encoding probe-train 21/79 [    6s elapsed,    18s left]    
  encoding probe-train 22/79 [    7s elapsed,    18s left]    
  encoding probe-train 23/79 [    7s elapsed,    17s left]    
  encoding probe-train 24/79 [    7s elapsed,    17s left]    
  encoding probe-train 25/79 [    8s elapsed,    17s left]    
  encoding probe-train 26/79 [    8s elapsed,    16s left]    
  encoding probe-train 27/79 [    8s elapsed,    16s left]    
  encoding probe-train 28/79 [    9s elapsed,    16s left]    
  encoding probe-train 29/79 [    9s elapsed,    15s left]    
  encoding probe-train 30/79 [    9s elapsed,    15s left]    
  encoding probe-train 31/79 [   10s elapsed,    15s left]    
  encoding probe-train 32/79 [   10s elapsed,    15s left]    
  encoding probe-train 33/79 [   10s elapsed,    14s left]    
  encoding probe-train 34/79 [   11s elapsed,    14s left]    
  encoding probe-train 35/79 [   11s elapsed,    14s left]    
  encoding probe-train 36/79 [   11s elapsed,    13s left]    
  encoding probe-train 37/79 [   12s elapsed,    13s left]    
  encoding probe-train 38/79 [   12s elapsed,    13s left]    
  encoding probe-train 39/79 [   12s elapsed,    13s left]    
  encoding probe-train 40/79 [   13s elapsed,    12s left]    
  encoding probe-train 41/79 [   13s elapsed,    12s left]    
  encoding probe-train 42/79 [   13s elapsed,    12s left]    
  encoding probe-train 43/79 [   14s elapsed,    11s left]    
  encoding probe-train 44/79 [   14s elapsed,    11s left]    
  encoding probe-train 45/79 [   14s elapsed,    11s left]    
  encoding probe-train 46/79 [   15s elapsed,    10s left]    
  encoding probe-train 47/79 [   15s elapsed,    10s left]    
  encoding probe-train 48/79 [   15s elapsed,    10s left]    
  encoding probe-train 49/79 [   15s elapsed,     9s left]    
  encoding probe-train 50/79 [   16s elapsed,     9s left]    
  encoding probe-train 51/79 [   16s elapsed,     9s left]    
  encoding probe-train 52/79 [   16s elapsed,     8s left]    
  encoding probe-train 53/79 [   17s elapsed,     8s left]    
  encoding probe-train 54/79 [   17s elapsed,     8s left]    
  encoding probe-train 55/79 [   17s elapsed,     8s left]    
  encoding probe-train 56/79 [   18s elapsed,     7s left]    
  encoding probe-train 57/79 [   18s elapsed,     7s left]    
  encoding probe-train 58/79 [   18s elapsed,     7s left]    
  encoding probe-train 59/79 [   19s elapsed,     6s left]    
  encoding probe-train 60/79 [   19s elapsed,     6s left]    
  encoding probe-train 61/79 [   19s elapsed,     6s left]    
  encoding probe-train 62/79 [   19s elapsed,     5s left]    
  encoding probe-train 63/79 [   20s elapsed,     5s left]    
  encoding probe-train 64/79 [   20s elapsed,     5s left]    
  encoding probe-train 65/79 [   20s elapsed,     4s left]    
  encoding probe-train 66/79 [   21s elapsed,     4s left]    
  encoding probe-train 67/79 [   21s elapsed,     4s left]    
  encoding probe-train 68/79 [   21s elapsed,     3s left]    
  encoding probe-train 69/79 [   21s elapsed,     3s left]    
  encoding probe-train 70/79 [   22s elapsed,     3s left]    
  encoding probe-train 71/79 [   22s elapsed,     2s left]    
  encoding probe-train 72/79 [   22s elapsed,     2s left]    
  encoding probe-train 73/79 [   23s elapsed,     2s left]    
  encoding probe-train 74/79 [   23s elapsed,     2s left]    
  encoding probe-train 75/79 [   23s elapsed,     1s left]    
  encoding probe-train 76/79 [   24s elapsed,     1s left]    
  encoding probe-train 77/79 [   24s elapsed,     1s left]    
  encoding probe-train 78/79 [   24s elapsed,     0s left]    
  encoding probe-train 79/79 [   24s elapsed,     0s left]    
  encoding probe-val 1/40 [    0s elapsed,    15s left]    
  encoding probe-val 2/40 [    1s elapsed,    13s left]    
  encoding probe-val 3/40 [    1s elapsed,    12s left]    
  encoding probe-val 4/40 [    1s elapsed,    12s left]    
  encoding probe-val 5/40 [    2s elapsed,    11s left]    
  encoding probe-val 6/40 [    2s elapsed,    11s left]    
  encoding probe-val 7/40 [    2s elapsed,    11s left]    
  encoding probe-val 8/40 [    3s elapsed,    10s left]    
  encoding probe-val 9/40 [    3s elapsed,    10s left]    
  encoding probe-val 10/40 [    3s elapsed,    10s left]    
  encoding probe-val 11/40 [    3s elapsed,     9s left]    
  encoding probe-val 12/40 [    4s elapsed,     9s left]    
  encoding probe-val 13/40 [    4s elapsed,     8s left]    
  encoding probe-val 14/40 [    4s elapsed,     8s left]    
  encoding probe-val 15/40 [    4s elapsed,     7s left]    
  encoding probe-val 16/40 [    5s elapsed,     7s left]    
  encoding probe-val 17/40 [    5s elapsed,     7s left]    
  encoding probe-val 18/40 [    5s elapsed,     6s left]    
  encoding probe-val 19/40 [    5s elapsed,     6s left]    
  encoding probe-val 20/40 [    6s elapsed,     6s left]    
  encoding probe-val 21/40 [    6s elapsed,     5s left]    
  encoding probe-val 22/40 [    6s elapsed,     5s left]    
  encoding probe-val 23/40 [    6s elapsed,     5s left]    
  encoding probe-val 24/40 [    7s elapsed,     4s left]    
  encoding probe-val 25/40 [    7s elapsed,     4s left]    
  encoding probe-val 26/40 [    7s elapsed,     4s left]    
  encoding probe-val 27/40 [    7s elapsed,     4s left]    
  encoding probe-val 28/40 [    8s elapsed,     3s left]    
  encoding probe-val 29/40 [    8s elapsed,     3s left]    
  encoding probe-val 30/40 [    8s elapsed,     3s left]    
  encoding probe-val 31/40 [    8s elapsed,     2s left]    
  encoding probe-val 32/40 [    8s elapsed,     2s left]    
  encoding probe-val 33/40 [    9s elapsed,     2s left]    
  encoding probe-val 34/40 [    9s elapsed,     2s left]    
  encoding probe-val 35/40 [    9s elapsed,     1s left]    
  encoding probe-val 36/40 [    9s elapsed,     1s left]    
  encoding probe-val 37/40 [    9s elapsed,     1s left]    
  encoding probe-val 38/40 [   10s elapsed,     1s left]    
  encoding probe-val 39/40 [   10s elapsed,     0s left]    
  encoding probe-val 40/40 [   10s elapsed,     0s left]    
  classes: 100
=== Pre-SAL structural scan =============================================
  FI=0.0056 | 1 immune, 9 buffer, 22 critical
  absorption: 10 elastic, 21 saturated, 1 hub  |  mean routing=0.851, mean MI=0.041
  saved /root/results/pre_sal_scan.json
=== SAL training (5 epochs, mask_ratio=0.3) =============================
  output space: 18.2GB reported free, ~10.1GB needed
  space probe: OK
  training 1/1280 [    1s elapsed,  1046s left] loss=0.66634 pruned=0   
  training 2/1280 [    1s elapsed,   734s left] loss=0.67305 pruned=0   
  training 3/1280 [    1s elapsed,   632s left] loss=0.67216 pruned=0   
  training 4/1280 [    2s elapsed,   580s left] loss=0.67642 pruned=0   
  training 5/1280 [    2s elapsed,   549s left] loss=0.68098 pruned=0   
  training 6/1280 [    2s elapsed,   528s left] loss=0.68157 pruned=0   
  training 7/1280 [    3s elapsed,   513s left] loss=0.67385 pruned=0   
  training 8/1280 [    3s elapsed,   508s left] loss=0.64043 pruned=0   
  training 9/1280 [    4s elapsed,   498s left] loss=0.67344 pruned=0   
  training 10/1280 [    4s elapsed,   491s left] loss=0.68413 pruned=0   
  training 11/1280 [    4s elapsed,   485s left] loss=0.65598 pruned=0   
  training 12/1280 [    5s elapsed,   479s left] loss=0.67935 pruned=0   
  training 13/1280 [    5s elapsed,   475s left] loss=0.69505 pruned=0   
  training 14/1280 [    5s elapsed,   471s left] loss=0.66711 pruned=0   
  training 15/1280 [    6s elapsed,   468s left] loss=0.68252 pruned=0   
  training 16/1280 [    6s elapsed,   466s left] loss=0.66296 pruned=0   
  training 17/1280 [    6s elapsed,   463s left] loss=0.67805 pruned=0   
  training 18/1280 [    7s elapsed,   461s left] loss=0.63827 pruned=0   
  training 19/1280 [    7s elapsed,   459s left] loss=0.66346 pruned=0   
  training 20/1280 [    7s elapsed,   457s left] loss=0.68733 pruned=0   
  training 21/1280 [    8s elapsed,   455s left] loss=0.69249 pruned=0   
  training 22/1280 [    8s elapsed,   454s left] loss=0.64466 pruned=0   
  training 23/1280 [    8s elapsed,   452s left] loss=0.65623 pruned=0   
  training 24/1280 [    9s elapsed,   450s left] loss=0.66826 pruned=0   
  training 25/1280 [   10s elapsed,   492s left] loss=0.68123 pruned=0   
  training 26/1280 [   10s elapsed,   496s left] loss=0.67664 pruned=0   
  training 27/1280 [   11s elapsed,   510s left] loss=0.66651 pruned=0   
  training 28/1280 [   11s elapsed,   507s left] loss=0.63642 pruned=0   
  training 29/1280 [   12s elapsed,   503s left] loss=0.65288 pruned=0   
  training 30/1280 [   12s elapsed,   500s left] loss=0.65109 pruned=0   
  training 31/1280 [   12s elapsed,   497s left] loss=0.67548 pruned=0   
  training 32/1280 [   13s elapsed,   494s left] loss=0.65841 pruned=0   
  training 33/1280 [   13s elapsed,   491s left] loss=0.64558 pruned=0   
  training 34/1280 [   14s elapsed,   502s left] loss=0.67225 pruned=0   
  training 35/1280 [   14s elapsed,   501s left] loss=0.67826 pruned=0   
  training 36/1280 [   14s elapsed,   499s left] loss=0.68221 pruned=0   
  training 37/1280 [   15s elapsed,   496s left] loss=0.64603 pruned=0   
  training 38/1280 [   15s elapsed,   493s left] loss=0.66171 pruned=0   
  training 39/1280 [   15s elapsed,   491s left] loss=0.65928 pruned=0   
  training 40/1280 [   16s elapsed,   488s left] loss=0.67396 pruned=0   
  training 41/1280 [   16s elapsed,   486s left] loss=0.65396 pruned=0   
  training 42/1280 [   16s elapsed,   484s left] loss=0.65385 pruned=0   
  training 43/1280 [   17s elapsed,   483s left] loss=0.66116 pruned=0   
  training 44/1280 [   17s elapsed,   481s left] loss=0.64794 pruned=0   
  training 45/1280 [   17s elapsed,   479s left] loss=0.65304 pruned=0   
  training 46/1280 [   18s elapsed,   477s left] loss=0.66481 pruned=0   
  training 47/1280 [   18s elapsed,   476s left] loss=0.66900 pruned=0   
  training 48/1280 [   18s elapsed,   474s left] loss=0.67600 pruned=0   
  training 49/1280 [   19s elapsed,   472s left] loss=0.64700 pruned=0   
  training 50/1280 [   19s elapsed,   470s left] loss=0.62644 pruned=0   
  training 51/1280 [   19s elapsed,   469s left] loss=0.67241 pruned=0   
  training 52/1280 [   20s elapsed,   467s left] loss=0.65196 pruned=0   
  training 53/1280 [   20s elapsed,   466s left] loss=0.65917 pruned=0   
  training 54/1280 [   20s elapsed,   464s left] loss=0.66173 pruned=0   
  training 55/1280 [   21s elapsed,   463s left] loss=0.64991 pruned=0   
  training 56/1280 [   21s elapsed,   461s left] loss=0.63878 pruned=0   
  training 57/1280 [   21s elapsed,   460s left] loss=0.64124 pruned=0   
  training 58/1280 [   22s elapsed,   459s left] loss=0.67262 pruned=0   
  training 59/1280 [   22s elapsed,   461s left] loss=0.66508 pruned=0   
  training 60/1280 [   23s elapsed,   462s left] loss=0.65916 pruned=0   
  training 61/1280 [   23s elapsed,   461s left] loss=0.64790 pruned=0   
  training 62/1280 [   23s elapsed,   462s left] loss=0.67467 pruned=0   
  training 63/1280 [   24s elapsed,   464s left] loss=0.70073 pruned=0   
  training 64/1280 [   25s elapsed,   467s left] loss=0.68624 pruned=0   
  training 65/1280 [   25s elapsed,   466s left] loss=0.66949 pruned=0   
  training 66/1280 [   25s elapsed,   465s left] loss=0.65636 pruned=0   
  training 67/1280 [   26s elapsed,   467s left] loss=0.64684 pruned=0   
  training 68/1280 [   26s elapsed,   467s left] loss=0.64056 pruned=0   
  training 69/1280 [   27s elapsed,   467s left] loss=0.66208 pruned=0   
  training 70/1280 [   27s elapsed,   467s left] loss=0.68053 pruned=0   
  training 71/1280 [   27s elapsed,   466s left] loss=0.68323 pruned=0   
  training 72/1280 [   28s elapsed,   466s left] loss=0.62893 pruned=0   
  training 73/1280 [   28s elapsed,   465s left] loss=0.69166 pruned=0   
  training 74/1280 [   28s elapsed,   464s left] loss=0.64922 pruned=0   
  training 75/1280 [   29s elapsed,   463s left] loss=0.67269 pruned=0   
  training 76/1280 [   29s elapsed,   462s left] loss=0.64902 pruned=0   
  training 77/1280 [   29s elapsed,   460s left] loss=0.65182 pruned=0   
  training 78/1280 [   30s elapsed,   459s left] loss=0.67991 pruned=0   
  training 79/1280 [   30s elapsed,   459s left] loss=0.65935 pruned=0   
  training 80/1280 [   31s elapsed,   462s left] loss=0.64861 pruned=0   
  training 81/1280 [   31s elapsed,   462s left] loss=0.63859 pruned=0   
  training 82/1280 [   32s elapsed,   461s left] loss=0.64889 pruned=0   
  training 83/1280 [   32s elapsed,   460s left] loss=0.63484 pruned=0   
  training 84/1280 [   32s elapsed,   458s left] loss=0.64368 pruned=0   
  training 85/1280 [   33s elapsed,   458s left] loss=0.67640 pruned=0   
  training 86/1280 [   33s elapsed,   460s left] loss=0.64992 pruned=0   
  training 87/1280 [   33s elapsed,   459s left] loss=0.67641 pruned=0   
  training 88/1280 [   34s elapsed,   459s left] loss=0.66061 pruned=0   
  training 89/1280 [   34s elapsed,   459s left] loss=0.66901 pruned=0   
  training 90/1280 [   35s elapsed,   458s left] loss=0.64431 pruned=0   
  training 91/1280 [   35s elapsed,   457s left] loss=0.66807 pruned=0   
  training 92/1280 [   35s elapsed,   456s left] loss=0.63425 pruned=0   
  training 93/1280 [   36s elapsed,   455s left] loss=0.69034 pruned=0   
  training 94/1280 [   36s elapsed,   454s left] loss=0.63926 pruned=0   
  training 95/1280 [   36s elapsed,   453s left] loss=0.64840 pruned=0   
  training 96/1280 [   37s elapsed,   452s left] loss=0.64455 pruned=0   
  training 97/1280 [   37s elapsed,   451s left] loss=0.68865 pruned=0   
  training 98/1280 [   37s elapsed,   450s left] loss=0.67277 pruned=0   
  training 99/1280 [   38s elapsed,   449s left] loss=0.66718 pruned=0   
  training 100/1280 [   38s elapsed,   448s left] loss=0.65717 pruned=0   
  training 101/1280 [   38s elapsed,   447s left] loss=0.67493 pruned=0   
  training 102/1280 [   39s elapsed,   447s left] loss=0.67409 pruned=0   
  training 103/1280 [   39s elapsed,   446s left] loss=0.66038 pruned=0   
  training 104/1280 [   39s elapsed,   445s left] loss=0.69000 pruned=0   
  training 105/1280 [   40s elapsed,   444s left] loss=0.67576 pruned=0   
  training 106/1280 [   40s elapsed,   443s left] loss=0.65839 pruned=0   
  training 107/1280 [   40s elapsed,   442s left] loss=0.68091 pruned=0   
  training 108/1280 [   41s elapsed,   442s left] loss=0.66641 pruned=0   
  training 109/1280 [   41s elapsed,   441s left] loss=0.66959 pruned=0   
  training 110/1280 [   41s elapsed,   440s left] loss=0.68182 pruned=0   
  training 111/1280 [   42s elapsed,   439s left] loss=0.65977 pruned=0   
  training 112/1280 [   42s elapsed,   439s left] loss=0.64590 pruned=0   
  training 113/1280 [   42s elapsed,   438s left] loss=0.68236 pruned=0   
  training 114/1280 [   43s elapsed,   437s left] loss=0.63528 pruned=0   
  training 115/1280 [   43s elapsed,   436s left] loss=0.66183 pruned=0   
  training 116/1280 [   43s elapsed,   435s left] loss=0.63342 pruned=0   
  training 117/1280 [   44s elapsed,   435s left] loss=0.66025 pruned=0   
  training 118/1280 [   44s elapsed,   435s left] loss=0.67797 pruned=0   
  training 119/1280 [   44s elapsed,   434s left] loss=0.70837 pruned=0   
  training 120/1280 [   45s elapsed,   433s left] loss=0.65117 pruned=0   
  training 121/1280 [   45s elapsed,   433s left] loss=0.63506 pruned=0   
  training 122/1280 [   45s elapsed,   432s left] loss=0.66776 pruned=0   
  training 123/1280 [   46s elapsed,   431s left] loss=0.67643 pruned=0   
  training 124/1280 [   46s elapsed,   430s left] loss=0.64881 pruned=0   
  training 125/1280 [   47s elapsed,   430s left] loss=0.64724 pruned=0   
  training 126/1280 [   47s elapsed,   429s left] loss=0.66236 pruned=0   
  training 127/1280 [   47s elapsed,   428s left] loss=0.64058 pruned=0   
  training 128/1280 [   48s elapsed,   428s left] loss=0.65370 pruned=0   
  training 129/1280 [   48s elapsed,   427s left] loss=0.64512 pruned=0   
  training 130/1280 [   48s elapsed,   426s left] loss=0.64732 pruned=0   
  training 131/1280 [   49s elapsed,   426s left] loss=0.65733 pruned=0   
  training 132/1280 [   49s elapsed,   425s left] loss=0.62780 pruned=1   
  training 133/1280 [   49s elapsed,   425s left] loss=0.65379 pruned=1   
  training 134/1280 [   50s elapsed,   424s left] loss=0.63904 pruned=1   
  training 135/1280 [   50s elapsed,   423s left] loss=0.64478 pruned=1   
  training 136/1280 [   50s elapsed,   423s left] loss=0.64487 pruned=1   
  training 137/1280 [   51s elapsed,   422s left] loss=0.66785 pruned=1   
  training 138/1280 [   51s elapsed,   421s left] loss=0.67331 pruned=2   
  training 139/1280 [   51s elapsed,   421s left] loss=0.65101 pruned=2   
  training 140/1280 [   52s elapsed,   420s left] loss=0.65840 pruned=2   
  training 141/1280 [   52s elapsed,   420s left] loss=0.65970 pruned=2   
  training 142/1280 [   52s elapsed,   419s left] loss=0.62102 pruned=2   
  training 143/1280 [   53s elapsed,   418s left] loss=0.65961 pruned=2   
  training 144/1280 [   53s elapsed,   418s left] loss=0.62803 pruned=3   
  training 145/1280 [   53s elapsed,   417s left] loss=0.65390 pruned=3   
  training 146/1280 [   54s elapsed,   417s left] loss=0.62204 pruned=3   
  training 147/1280 [   54s elapsed,   416s left] loss=0.66755 pruned=3   
  training 148/1280 [   54s elapsed,   416s left] loss=0.66539 pruned=3   
  training 149/1280 [   55s elapsed,   415s left] loss=0.67163 pruned=3   
  training 150/1280 [   55s elapsed,   415s left] loss=0.66279 pruned=4   
  training 151/1280 [   55s elapsed,   414s left] loss=0.62519 pruned=4   
  training 152/1280 [   56s elapsed,   413s left] loss=0.65363 pruned=4   
  training 153/1280 [   56s elapsed,   413s left] loss=0.66792 pruned=4   
  training 154/1280 [   56s elapsed,   412s left] loss=0.66783 pruned=4   
  training 155/1280 [   57s elapsed,   412s left] loss=0.66549 pruned=4   
  training 156/1280 [   57s elapsed,   411s left] loss=0.63152 pruned=5   
  training 157/1280 [   57s elapsed,   411s left] loss=0.63797 pruned=5   
  training 158/1280 [   58s elapsed,   410s left] loss=0.64532 pruned=5   
  training 159/1280 [   58s elapsed,   410s left] loss=0.65971 pruned=5   
  training 160/1280 [   59s elapsed,   410s left] loss=0.64728 pruned=5   
  training 161/1280 [   59s elapsed,   409s left] loss=0.65803 pruned=5   
  training 162/1280 [   59s elapsed,   409s left] loss=0.70129 pruned=6   
  training 163/1280 [   60s elapsed,   408s left] loss=0.65365 pruned=6   
  training 164/1280 [   60s elapsed,   408s left] loss=0.69325 pruned=6   
  training 165/1280 [   60s elapsed,   407s left] loss=0.64741 pruned=6   
  training 166/1280 [   61s elapsed,   406s left] loss=0.67553 pruned=6   
  training 167/1280 [   61s elapsed,   406s left] loss=0.64357 pruned=6   
  training 168/1280 [   61s elapsed,   405s left] loss=0.67194 pruned=7   
  training 169/1280 [   62s elapsed,   405s left] loss=0.67796 pruned=7   
  training 170/1280 [   62s elapsed,   404s left] loss=0.64975 pruned=7   
  training 171/1280 [   62s elapsed,   404s left] loss=0.65016 pruned=7   
  training 172/1280 [   63s elapsed,   403s left] loss=0.62484 pruned=7   
  training 173/1280 [   63s elapsed,   403s left] loss=0.64760 pruned=8   
  training 174/1280 [   63s elapsed,   402s left] loss=0.64378 pruned=8   
  training 175/1280 [   64s elapsed,   402s left] loss=0.65830 pruned=8   
  training 176/1280 [   64s elapsed,   401s left] loss=0.67131 pruned=8   
  training 177/1280 [   64s elapsed,   401s left] loss=0.65388 pruned=8   
  training 178/1280 [   65s elapsed,   400s left] loss=0.64492 pruned=8   
  training 179/1280 [   65s elapsed,   400s left] loss=0.65582 pruned=9   
  training 180/1280 [   65s elapsed,   400s left] loss=0.63583 pruned=9   
  training 181/1280 [   66s elapsed,   399s left] loss=0.67074 pruned=9   
  training 182/1280 [   66s elapsed,   399s left] loss=0.65378 pruned=9   
  training 183/1280 [   66s elapsed,   398s left] loss=0.63384 pruned=9   
  training 184/1280 [   67s elapsed,   398s left] loss=0.63936 pruned=9   
  training 185/1280 [   67s elapsed,   397s left] loss=0.67668 pruned=10   
  training 186/1280 [   67s elapsed,   397s left] loss=0.64660 pruned=10   
  training 187/1280 [   68s elapsed,   396s left] loss=0.64357 pruned=10   
  training 188/1280 [   68s elapsed,   396s left] loss=0.68092 pruned=10   
  training 189/1280 [   68s elapsed,   395s left] loss=0.63379 pruned=10   
  training 190/1280 [   69s elapsed,   395s left] loss=0.64688 pruned=10   
  training 191/1280 [   69s elapsed,   395s left] loss=0.65313 pruned=11   
  training 192/1280 [   70s elapsed,   395s left] loss=0.65090 pruned=11   
  training 193/1280 [   70s elapsed,   394s left] loss=0.65380 pruned=11   
  training 194/1280 [   70s elapsed,   394s left] loss=0.65723 pruned=11   
  training 195/1280 [   71s elapsed,   393s left] loss=0.64192 pruned=11   
  training 196/1280 [   71s elapsed,   393s left] loss=0.65746 pruned=11   
  training 197/1280 [   71s elapsed,   392s left] loss=0.66395 pruned=12   
  training 198/1280 [   72s elapsed,   392s left] loss=0.67165 pruned=12   
  training 199/1280 [   72s elapsed,   391s left] loss=0.65697 pruned=12   
  training 200/1280 [   72s elapsed,   391s left] loss=0.65324 pruned=12   
  training 201/1280 [   73s elapsed,   390s left] loss=0.64094 pruned=12   
  training 202/1280 [   73s elapsed,   390s left] loss=0.64159 pruned=12   
  training 203/1280 [   73s elapsed,   389s left] loss=0.66954 pruned=13   
  training 204/1280 [   74s elapsed,   389s left] loss=0.64464 pruned=13   
  training 205/1280 [   74s elapsed,   388s left] loss=0.65093 pruned=13   
  training 206/1280 [   74s elapsed,   388s left] loss=0.69624 pruned=13   
  training 207/1280 [   75s elapsed,   387s left] loss=0.70630 pruned=13   
  training 208/1280 [   75s elapsed,   387s left] loss=0.65058 pruned=13   
  training 209/1280 [   75s elapsed,   387s left] loss=0.64787 pruned=14   
  training 210/1280 [   76s elapsed,   386s left] loss=0.65420 pruned=14   
  training 211/1280 [   76s elapsed,   386s left] loss=0.63031 pruned=14   
  training 212/1280 [   76s elapsed,   385s left] loss=0.64071 pruned=14   
  training 213/1280 [   77s elapsed,   385s left] loss=0.65647 pruned=14   
  training 214/1280 [   77s elapsed,   384s left] loss=0.64984 pruned=15   
  training 215/1280 [   78s elapsed,   384s left] loss=0.67292 pruned=15   
  training 216/1280 [   78s elapsed,   384s left] loss=0.65209 pruned=15   
  training 217/1280 [   78s elapsed,   383s left] loss=0.65205 pruned=15   
  training 218/1280 [   79s elapsed,   383s left] loss=0.65135 pruned=15   
  training 219/1280 [   79s elapsed,   382s left] loss=0.66836 pruned=15   
  training 220/1280 [   79s elapsed,   382s left] loss=0.62171 pruned=16   
  training 221/1280 [   80s elapsed,   382s left] loss=0.62725 pruned=16   
  training 222/1280 [   80s elapsed,   381s left] loss=0.64382 pruned=16   
  training 223/1280 [   80s elapsed,   381s left] loss=0.66943 pruned=16   
  training 224/1280 [   81s elapsed,   381s left] loss=0.66340 pruned=16   
  training 225/1280 [   81s elapsed,   380s left] loss=0.65334 pruned=16   
  training 226/1280 [   81s elapsed,   380s left] loss=0.66368 pruned=17   
  training 227/1280 [   82s elapsed,   380s left] loss=0.63817 pruned=17   
  training 228/1280 [   82s elapsed,   379s left] loss=0.63027 pruned=17   
  training 229/1280 [   83s elapsed,   379s left] loss=0.66059 pruned=17   
  training 230/1280 [   83s elapsed,   378s left] loss=0.65418 pruned=17   
  training 231/1280 [   83s elapsed,   378s left] loss=0.63304 pruned=17   
  training 232/1280 [   84s elapsed,   378s left] loss=0.65918 pruned=18   
  training 233/1280 [   84s elapsed,   377s left] loss=0.66776 pruned=18   
  training 234/1280 [   84s elapsed,   377s left] loss=0.65695 pruned=18   
  training 235/1280 [   85s elapsed,   376s left] loss=0.64928 pruned=18   
  training 236/1280 [   85s elapsed,   376s left] loss=0.63150 pruned=18   
  training 237/1280 [   85s elapsed,   375s left] loss=0.64116 pruned=18   
  training 238/1280 [   86s elapsed,   375s left] loss=0.66675 pruned=19   
  training 239/1280 [   86s elapsed,   375s left] loss=0.66145 pruned=19   
  training 240/1280 [   86s elapsed,   374s left] loss=0.64082 pruned=19   
  training 241/1280 [   87s elapsed,   374s left] loss=0.63698 pruned=19   
  training 242/1280 [   87s elapsed,   374s left] loss=0.64127 pruned=19   
  training 243/1280 [   88s elapsed,   375s left] loss=0.62823 pruned=19   
  training 244/1280 [   88s elapsed,   374s left] loss=0.63632 pruned=20   
  training 245/1280 [   88s elapsed,   374s left] loss=0.65950 pruned=20   
  training 246/1280 [   89s elapsed,   373s left] loss=0.63800 pruned=20   
  training 247/1280 [   89s elapsed,   373s left] loss=0.63900 pruned=20   
  training 248/1280 [   89s elapsed,   372s left] loss=0.63337 pruned=20   
  training 249/1280 [   90s elapsed,   372s left] loss=0.67263 pruned=20   
  training 250/1280 [   90s elapsed,   372s left] loss=0.67822 pruned=21   
  training 251/1280 [   91s elapsed,   371s left] loss=0.60768 pruned=21   
  training 252/1280 [   91s elapsed,   371s left] loss=0.61813 pruned=21   
  training 253/1280 [   91s elapsed,   370s left] loss=0.63711 pruned=21   
  training 254/1280 [   92s elapsed,   370s left] loss=0.63756 pruned=21   
  training 255/1280 [   92s elapsed,   369s left] loss=0.68278 pruned=22   
  training 256/1280 [   92s elapsed,   369s left] loss=0.64488 pruned=22   
    epoch 1/5 | loss 0.657510 | masker: {'active': True, 'total_heads': 512, 'active_heads': 490, 'pruned_heads': 22, 'prune_events': 22, 'prune_fraction': 0.3}
    checkpoint -> /root/results/checkpoint.pt (epoch 1, 2.5GB)
  training 257/1280 [    0s elapsed,     1s left] loss=0.66669 pruned=22   
  training 258/1280 [    1s elapsed,     3s left] loss=0.61508 pruned=22   
  training 259/1280 [    1s elapsed,     4s left] loss=0.61934 pruned=22   
  training 260/1280 [    1s elapsed,     5s left] loss=0.64728 pruned=22   
  training 261/1280 [    2s elapsed,     7s left] loss=0.62439 pruned=23   
  training 262/1280 [    2s elapsed,     8s left] loss=0.65608 pruned=23   
  training 263/1280 [    2s elapsed,     9s left] loss=0.64168 pruned=23   
  training 264/1280 [    3s elapsed,    11s left] loss=0.65842 pruned=23   
  training 265/1280 [    3s elapsed,    12s left] loss=0.65206 pruned=23   
  training 266/1280 [    3s elapsed,    13s left] loss=0.63637 pruned=23   
  training 267/1280 [    4s elapsed,    14s left] loss=0.60389 pruned=24   
  training 268/1280 [    4s elapsed,    16s left] loss=0.64521 pruned=24   
  training 269/1280 [    4s elapsed,    17s left] loss=0.66143 pruned=24   
  training 270/1280 [    5s elapsed,    18s left] loss=0.61641 pruned=24   
  training 271/1280 [    5s elapsed,    19s left] loss=0.64357 pruned=24   
  training 272/1280 [    6s elapsed,    21s left] loss=0.64375 pruned=24   
  training 273/1280 [    6s elapsed,    22s left] loss=0.61528 pruned=25   
  training 274/1280 [    6s elapsed,    23s left] loss=0.68368 pruned=25   
  training 275/1280 [    7s elapsed,    24s left] loss=0.66857 pruned=25   
  training 276/1280 [    7s elapsed,    25s left] loss=0.64229 pruned=25   
  training 277/1280 [    7s elapsed,    26s left] loss=0.61981 pruned=25   
  training 278/1280 [    8s elapsed,    27s left] loss=0.60716 pruned=25   
  training 279/1280 [    8s elapsed,    28s left] loss=0.62954 pruned=26   
  training 280/1280 [    8s elapsed,    30s left] loss=0.65603 pruned=26   
  training 281/1280 [    9s elapsed,    31s left] loss=0.65584 pruned=26   
  training 282/1280 [    9s elapsed,    32s left] loss=0.63165 pruned=26   
  training 283/1280 [   10s elapsed,    34s left] loss=0.63861 pruned=26   
  training 284/1280 [   10s elapsed,    35s left] loss=0.65135 pruned=26   
  training 285/1280 [   10s elapsed,    36s left] loss=0.62412 pruned=27   
  training 286/1280 [   11s elapsed,    37s left] loss=0.64084 pruned=27   
  training 287/1280 [   11s elapsed,    38s left] loss=0.63874 pruned=27   
  training 288/1280 [   11s elapsed,    39s left] loss=0.64589 pruned=27   
  training 289/1280 [   12s elapsed,    40s left] loss=0.65778 pruned=27   
  training 290/1280 [   12s elapsed,    41s left] loss=0.64354 pruned=27   
  training 291/1280 [   12s elapsed,    42s left] loss=0.63441 pruned=28   
  training 292/1280 [   13s elapsed,    43s left] loss=0.64348 pruned=28   
  training 293/1280 [   13s elapsed,    44s left] loss=0.65354 pruned=28   
  training 294/1280 [   13s elapsed,    45s left] loss=0.65279 pruned=28   
  training 295/1280 [   14s elapsed,    46s left] loss=0.64177 pruned=28   
  training 296/1280 [   14s elapsed,    47s left] loss=0.64167 pruned=29   
  training 297/1280 [   14s elapsed,    48s left] loss=0.65464 pruned=29   
  training 298/1280 [   15s elapsed,    49s left] loss=0.63539 pruned=29   
  training 299/1280 [   15s elapsed,    50s left] loss=0.66002 pruned=29   
  training 300/1280 [   16s elapsed,    51s left] loss=0.62948 pruned=29   
  training 301/1280 [   16s elapsed,    52s left] loss=0.65488 pruned=29   
  training 302/1280 [   16s elapsed,    53s left] loss=0.63317 pruned=30   
  training 303/1280 [   17s elapsed,    54s left] loss=0.63552 pruned=30   
  training 304/1280 [   17s elapsed,    54s left] loss=0.62118 pruned=30   
  training 305/1280 [   17s elapsed,    55s left] loss=0.64308 pruned=30   
  training 306/1280 [   18s elapsed,    56s left] loss=0.64143 pruned=30   
  training 307/1280 [   18s elapsed,    57s left] loss=0.63399 pruned=30   
  training 308/1280 [   18s elapsed,    58s left] loss=0.66815 pruned=31   
  training 309/1280 [   19s elapsed,    59s left] loss=0.64301 pruned=31   
  training 310/1280 [   19s elapsed,    60s left] loss=0.63969 pruned=31   
  training 311/1280 [   20s elapsed,    61s left] loss=0.65450 pruned=31   
  training 312/1280 [   20s elapsed,    62s left] loss=0.62319 pruned=31   
  training 313/1280 [   20s elapsed,    63s left] loss=0.63664 pruned=31   
  training 314/1280 [   21s elapsed,    64s left] loss=0.63811 pruned=32   
  training 315/1280 [   21s elapsed,    64s left] loss=0.61565 pruned=32   
  training 316/1280 [   21s elapsed,    65s left] loss=0.65613 pruned=32   
  training 317/1280 [   22s elapsed,    66s left] loss=0.63335 pruned=32   
  training 318/1280 [   22s elapsed,    67s left] loss=0.63811 pruned=32   
  training 319/1280 [   22s elapsed,    67s left] loss=0.62833 pruned=32   
  training 320/1280 [   23s elapsed,    68s left] loss=0.63635 pruned=33   
  training 321/1280 [   23s elapsed,    69s left] loss=0.63631 pruned=33   
  training 322/1280 [   23s elapsed,    70s left] loss=0.68569 pruned=33   
  training 323/1280 [   24s elapsed,    70s left] loss=0.63137 pruned=33   
  training 324/1280 [   24s elapsed,    71s left] loss=0.64675 pruned=33   
  training 325/1280 [   24s elapsed,    72s left] loss=0.65878 pruned=33   
  training 326/1280 [   25s elapsed,    72s left] loss=0.66146 pruned=34   
  training 327/1280 [   25s elapsed,    73s left] loss=0.61378 pruned=34   
  training 328/1280 [   25s elapsed,    74s left] loss=0.62954 pruned=34   
  training 329/1280 [   26s elapsed,    74s left] loss=0.63471 pruned=34   
  training 330/1280 [   26s elapsed,    75s left] loss=0.63240 pruned=34   
  training 331/1280 [   26s elapsed,    76s left] loss=0.64205 pruned=34   
  training 332/1280 [   27s elapsed,    77s left] loss=0.64543 pruned=35   
  training 333/1280 [   27s elapsed,    77s left] loss=0.66395 pruned=35   
  training 334/1280 [   27s elapsed,    78s left] loss=0.64758 pruned=35   
  training 335/1280 [   28s elapsed,    78s left] loss=0.64319 pruned=35   
  training 336/1280 [   28s elapsed,    79s left] loss=0.62116 pruned=35   
  training 337/1280 [   29s elapsed,    80s left] loss=0.65225 pruned=36   
  training 338/1280 [   29s elapsed,    80s left] loss=0.63694 pruned=36   
  training 339/1280 [   29s elapsed,    81s left] loss=0.63786 pruned=36   
  training 340/1280 [   30s elapsed,    82s left] loss=0.64212 pruned=36   
  training 341/1280 [   30s elapsed,    82s left] loss=0.63135 pruned=36   
  training 342/1280 [   30s elapsed,    83s left] loss=0.62142 pruned=36   
  training 343/1280 [   31s elapsed,    83s left] loss=0.63256 pruned=37   
  training 344/1280 [   31s elapsed,    84s left] loss=0.64256 pruned=37   
  training 345/1280 [   31s elapsed,    85s left] loss=0.64030 pruned=37   
  training 346/1280 [   32s elapsed,    85s left] loss=0.63610 pruned=37   
  training 347/1280 [   32s elapsed,    86s left] loss=0.60849 pruned=37   
  training 348/1280 [   32s elapsed,    86s left] loss=0.64026 pruned=37   
  training 349/1280 [   33s elapsed,    87s left] loss=0.63238 pruned=38   
  training 350/1280 [   33s elapsed,    88s left] loss=0.64855 pruned=38   
  training 351/1280 [   33s elapsed,    88s left] loss=0.64009 pruned=38   
  training 352/1280 [   34s elapsed,    89s left] loss=0.64544 pruned=38   
  training 353/1280 [   34s elapsed,    89s left] loss=0.66515 pruned=38   
  training 354/1280 [   34s elapsed,    90s left] loss=0.64052 pruned=38   
  training 355/1280 [   35s elapsed,    90s left] loss=0.66389 pruned=39   
  training 356/1280 [   35s elapsed,    91s left] loss=0.65131 pruned=39   
  training 357/1280 [   35s elapsed,    91s left] loss=0.64112 pruned=39   
  training 358/1280 [   36s elapsed,    92s left] loss=0.64365 pruned=39   
  training 359/1280 [   36s elapsed,    92s left] loss=0.64283 pruned=39   
  training 360/1280 [   36s elapsed,    93s left] loss=0.61925 pruned=39   
  training 361/1280 [   37s elapsed,    94s left] loss=0.63831 pruned=40   
  training 362/1280 [   37s elapsed,    94s left] loss=0.62683 pruned=40   
  training 363/1280 [   37s elapsed,    94s left] loss=0.63230 pruned=40   
  training 364/1280 [   38s elapsed,    95s left] loss=0.62723 pruned=40   
  training 365/1280 [   38s elapsed,    95s left] loss=0.62472 pruned=40   
  training 366/1280 [   38s elapsed,    96s left] loss=0.64751 pruned=40   
  training 367/1280 [   39s elapsed,    96s left] loss=0.64863 pruned=41   
  training 368/1280 [   39s elapsed,    97s left] loss=0.61646 pruned=41   
  training 369/1280 [   39s elapsed,    97s left] loss=0.64794 pruned=41   
  training 370/1280 [   40s elapsed,    98s left] loss=0.65032 pruned=41   
  training 371/1280 [   40s elapsed,    98s left] loss=0.61359 pruned=41   
  training 372/1280 [   40s elapsed,    99s left] loss=0.63055 pruned=41   
  training 373/1280 [   41s elapsed,    99s left] loss=0.66422 pruned=42   
  training 374/1280 [   41s elapsed,   100s left] loss=0.62285 pruned=42   
  training 375/1280 [   42s elapsed,   100s left] loss=0.65028 pruned=42   
  training 376/1280 [   42s elapsed,   101s left] loss=0.63852 pruned=42   
  training 377/1280 [   42s elapsed,   101s left] loss=0.62610 pruned=42   
  training 378/1280 [   43s elapsed,   102s left] loss=0.64809 pruned=43   
  training 379/1280 [   43s elapsed,   102s left] loss=0.62567 pruned=43   
  training 380/1280 [   43s elapsed,   102s left] loss=0.66774 pruned=43   
  training 381/1280 [   44s elapsed,   103s left] loss=0.65047 pruned=43   
  training 382/1280 [   44s elapsed,   103s left] loss=0.64531 pruned=43   
  training 383/1280 [   44s elapsed,   104s left] loss=0.65127 pruned=43   
  training 384/1280 [   45s elapsed,   104s left] loss=0.64288 pruned=44   
  training 385/1280 [   45s elapsed,   105s left] loss=0.66196 pruned=44   
  training 386/1280 [   45s elapsed,   105s left] loss=0.63588 pruned=44   
  training 387/1280 [   46s elapsed,   105s left] loss=0.66254 pruned=44   
  training 388/1280 [   46s elapsed,   106s left] loss=0.62644 pruned=44   
  training 389/1280 [   46s elapsed,   106s left] loss=0.62448 pruned=44   
  training 390/1280 [   47s elapsed,   107s left] loss=0.64728 pruned=45   
  training 391/1280 [   47s elapsed,   107s left] loss=0.64494 pruned=45   
  training 392/1280 [   47s elapsed,   107s left] loss=0.62438 pruned=45   
  training 393/1280 [   48s elapsed,   108s left] loss=0.59345 pruned=45   
  training 394/1280 [   48s elapsed,   108s left] loss=0.63803 pruned=45   
  training 395/1280 [   48s elapsed,   108s left] loss=0.61351 pruned=45   
  training 396/1280 [   49s elapsed,   109s left] loss=0.60608 pruned=46   
  training 397/1280 [   49s elapsed,   109s left] loss=0.60888 pruned=46   
  training 398/1280 [   49s elapsed,   110s left] loss=0.62612 pruned=46   
  training 399/1280 [   50s elapsed,   110s left] loss=0.65171 pruned=46   
  training 400/1280 [   50s elapsed,   110s left] loss=0.61413 pruned=46   
  training 401/1280 [   50s elapsed,   111s left] loss=0.64747 pruned=46   
  training 402/1280 [   51s elapsed,   111s left] loss=0.64516 pruned=47   
  training 403/1280 [   51s elapsed,   111s left] loss=0.66936 pruned=47   
  training 404/1280 [   51s elapsed,   112s left] loss=0.62955 pruned=47   
  training 405/1280 [   52s elapsed,   112s left] loss=0.62241 pruned=47   
  training 406/1280 [   52s elapsed,   112s left] loss=0.62542 pruned=47   
  training 407/1280 [   52s elapsed,   113s left] loss=0.62717 pruned=47   
  training 408/1280 [   53s elapsed,   113s left] loss=0.62196 pruned=48   
  training 409/1280 [   53s elapsed,   113s left] loss=0.61499 pruned=48   
  training 410/1280 [   54s elapsed,   114s left] loss=0.65037 pruned=48   
  training 411/1280 [   54s elapsed,   114s left] loss=0.64463 pruned=48   
  training 412/1280 [   54s elapsed,   114s left] loss=0.62207 pruned=48   
  training 413/1280 [   55s elapsed,   115s left] loss=0.61436 pruned=48   
  training 414/1280 [   55s elapsed,   115s left] loss=0.63333 pruned=49   
  training 415/1280 [   55s elapsed,   115s left] loss=0.64685 pruned=49   
  training 416/1280 [   56s elapsed,   115s left] loss=0.62680 pruned=49   
  training 417/1280 [   56s elapsed,   116s left] loss=0.64001 pruned=49   
  training 418/1280 [   56s elapsed,   116s left] loss=0.59834 pruned=49   
  training 419/1280 [   57s elapsed,   116s left] loss=0.64179 pruned=50   
  training 420/1280 [   57s elapsed,   117s left] loss=0.64734 pruned=50   
  training 421/1280 [   57s elapsed,   117s left] loss=0.67149 pruned=50   
  training 422/1280 [   58s elapsed,   117s left] loss=0.63263 pruned=50   
  training 423/1280 [   58s elapsed,   117s left] loss=0.64413 pruned=50   
  training 424/1280 [   58s elapsed,   118s left] loss=0.65341 pruned=50   
  training 425/1280 [   59s elapsed,   118s left] loss=0.64077 pruned=51   
  training 426/1280 [   59s elapsed,   118s left] loss=0.65443 pruned=51   
  training 427/1280 [   59s elapsed,   119s left] loss=0.62871 pruned=51   
  training 428/1280 [   60s elapsed,   119s left] loss=0.63854 pruned=51   
  training 429/1280 [   60s elapsed,   119s left] loss=0.62751 pruned=51   
  training 430/1280 [   60s elapsed,   119s left] loss=0.64924 pruned=51   
  training 431/1280 [   61s elapsed,   120s left] loss=0.67183 pruned=52   
  training 432/1280 [   61s elapsed,   120s left] loss=0.66362 pruned=52   
  training 433/1280 [   61s elapsed,   120s left] loss=0.67431 pruned=52   
  training 434/1280 [   62s elapsed,   120s left] loss=0.63869 pruned=52   
  training 435/1280 [   62s elapsed,   121s left] loss=0.65388 pruned=52   
  training 436/1280 [   62s elapsed,   121s left] loss=0.66306 pruned=52   
  training 437/1280 [   63s elapsed,   121s left] loss=0.64557 pruned=53   
  training 438/1280 [   63s elapsed,   122s left] loss=0.63826 pruned=53   
  training 439/1280 [   64s elapsed,   122s left] loss=0.67049 pruned=53   
  training 440/1280 [   64s elapsed,   122s left] loss=0.66268 pruned=53   
  training 441/1280 [   64s elapsed,   122s left] loss=0.64170 pruned=53   
  training 442/1280 [   65s elapsed,   123s left] loss=0.66148 pruned=53   
  training 443/1280 [   65s elapsed,   123s left] loss=0.64333 pruned=54   
  training 444/1280 [   65s elapsed,   123s left] loss=0.63506 pruned=54   
  training 445/1280 [   66s elapsed,   123s left] loss=0.64772 pruned=54   
  training 446/1280 [   66s elapsed,   124s left] loss=0.64581 pruned=54   
  training 447/1280 [   66s elapsed,   124s left] loss=0.64229 pruned=54   
  training 448/1280 [   67s elapsed,   124s left] loss=0.66549 pruned=54   
  training 449/1280 [   67s elapsed,   124s left] loss=0.65655 pruned=55   
  training 450/1280 [   67s elapsed,   124s left] loss=0.65733 pruned=55   
  training 451/1280 [   68s elapsed,   125s left] loss=0.62714 pruned=55   
  training 452/1280 [   68s elapsed,   125s left] loss=0.64320 pruned=55   
  training 453/1280 [   69s elapsed,   125s left] loss=0.68355 pruned=55   
  training 454/1280 [   69s elapsed,   125s left] loss=0.63026 pruned=55   
  training 455/1280 [   69s elapsed,   126s left] loss=0.65293 pruned=56   
  training 456/1280 [   70s elapsed,   126s left] loss=0.64898 pruned=56   
  training 457/1280 [   70s elapsed,   126s left] loss=0.63261 pruned=56   
  training 458/1280 [   70s elapsed,   126s left] loss=0.62946 pruned=56   
  training 459/1280 [   71s elapsed,   126s left] loss=0.63605 pruned=56   
  training 460/1280 [   71s elapsed,   127s left] loss=0.63722 pruned=57   
  training 461/1280 [   71s elapsed,   127s left] loss=0.66747 pruned=57   
  training 462/1280 [   72s elapsed,   127s left] loss=0.66899 pruned=57   
  training 463/1280 [   72s elapsed,   127s left] loss=0.62699 pruned=57   
  training 464/1280 [   72s elapsed,   127s left] loss=0.64810 pruned=57   
  training 465/1280 [   73s elapsed,   128s left] loss=0.65030 pruned=57   
  training 466/1280 [   73s elapsed,   128s left] loss=0.64901 pruned=58   
  training 467/1280 [   73s elapsed,   128s left] loss=0.63725 pruned=58   
  training 468/1280 [   74s elapsed,   128s left] loss=0.62807 pruned=58   
  training 469/1280 [   74s elapsed,   128s left] loss=0.65346 pruned=58   
  training 470/1280 [   75s elapsed,   128s left] loss=0.61870 pruned=58   
  training 471/1280 [   75s elapsed,   129s left] loss=0.63649 pruned=58   
  training 472/1280 [   75s elapsed,   129s left] loss=0.65967 pruned=59   
  training 473/1280 [   76s elapsed,   129s left] loss=0.64543 pruned=59   
  training 474/1280 [   76s elapsed,   129s left] loss=0.62868 pruned=59   
  training 475/1280 [   76s elapsed,   129s left] loss=0.62826 pruned=59   
  training 476/1280 [   77s elapsed,   129s left] loss=0.63917 pruned=59   
  training 477/1280 [   77s elapsed,   129s left] loss=0.63828 pruned=59   
  training 478/1280 [   77s elapsed,   130s left] loss=0.63793 pruned=60   
  training 479/1280 [   78s elapsed,   130s left] loss=0.65788 pruned=60   
  training 480/1280 [   78s elapsed,   130s left] loss=0.66949 pruned=60   
  training 481/1280 [   78s elapsed,   130s left] loss=0.63240 pruned=60   
  training 482/1280 [   79s elapsed,   130s left] loss=0.64588 pruned=60   
  training 483/1280 [   79s elapsed,   130s left] loss=0.62766 pruned=60   
  training 484/1280 [   79s elapsed,   130s left] loss=0.64438 pruned=61   
  training 485/1280 [   80s elapsed,   131s left] loss=0.64176 pruned=61   
  training 486/1280 [   80s elapsed,   131s left] loss=0.65288 pruned=61   
  training 487/1280 [   80s elapsed,   131s left] loss=0.66773 pruned=61   
  training 488/1280 [   81s elapsed,   131s left] loss=0.63808 pruned=61   
  training 489/1280 [   81s elapsed,   131s left] loss=0.65858 pruned=61   
  training 490/1280 [   81s elapsed,   131s left] loss=0.63629 pruned=62   
  training 491/1280 [   82s elapsed,   131s left] loss=0.66283 pruned=62   
  training 492/1280 [   82s elapsed,   131s left] loss=0.66148 pruned=62   
  training 493/1280 [   82s elapsed,   132s left] loss=0.64315 pruned=62   
  training 494/1280 [   83s elapsed,   132s left] loss=0.63946 pruned=62   
  training 495/1280 [   83s elapsed,   132s left] loss=0.63652 pruned=62   
  training 496/1280 [   83s elapsed,   132s left] loss=0.63577 pruned=63   
  training 497/1280 [   84s elapsed,   132s left] loss=0.63328 pruned=63   
  training 498/1280 [   84s elapsed,   132s left] loss=0.64428 pruned=63   
  training 499/1280 [   84s elapsed,   132s left] loss=0.63357 pruned=63   
  training 500/1280 [   85s elapsed,   132s left] loss=0.63823 pruned=63   
  training 501/1280 [   85s elapsed,   132s left] loss=0.64757 pruned=64   
  training 502/1280 [   85s elapsed,   132s left] loss=0.64697 pruned=64   
  training 503/1280 [   86s elapsed,   133s left] loss=0.65685 pruned=64   
  training 504/1280 [   86s elapsed,   133s left] loss=0.64794 pruned=64   
  training 505/1280 [   87s elapsed,   133s left] loss=0.66288 pruned=64   
  training 506/1280 [   87s elapsed,   133s left] loss=0.62203 pruned=64   
  training 507/1280 [   87s elapsed,   133s left] loss=0.63286 pruned=65   
  training 508/1280 [   88s elapsed,   133s left] loss=0.64977 pruned=65   
  training 509/1280 [   88s elapsed,   133s left] loss=0.62474 pruned=65   
  training 510/1280 [   88s elapsed,   133s left] loss=0.64660 pruned=65   
  training 511/1280 [   89s elapsed,   133s left] loss=0.64726 pruned=65   
  training 512/1280 [   89s elapsed,   133s left] loss=0.64692 pruned=65   
    epoch 2/5 | loss 0.641325 | masker: {'active': True, 'total_heads': 512, 'active_heads': 447, 'pruned_heads': 65, 'prune_events': 65, 'prune_fraction': 0.3}
    checkpoint -> /root/results/checkpoint.pt (epoch 2, 2.5GB)
  training 513/1280 [    0s elapsed,     1s left] loss=0.64831 pruned=66   
  training 514/1280 [    1s elapsed,     1s left] loss=0.61368 pruned=66   
  training 515/1280 [    1s elapsed,     2s left] loss=0.65167 pruned=66   
  training 516/1280 [    1s elapsed,     2s left] loss=0.64882 pruned=66   
  training 517/1280 [    2s elapsed,     3s left] loss=0.64544 pruned=66   
  training 518/1280 [    2s elapsed,     3s left] loss=0.66390 pruned=66   
  training 519/1280 [    2s elapsed,     4s left] loss=0.65167 pruned=67   
  training 520/1280 [    3s elapsed,     4s left] loss=0.63893 pruned=67   
  training 521/1280 [    3s elapsed,     5s left] loss=0.63523 pruned=67   
  training 522/1280 [    3s elapsed,     5s left] loss=0.63730 pruned=67   
  training 523/1280 [    4s elapsed,     5s left] loss=0.65739 pruned=67   
  training 524/1280 [    4s elapsed,     6s left] loss=0.62783 pruned=67   
  training 525/1280 [    4s elapsed,     6s left] loss=0.63211 pruned=68   
  training 526/1280 [    5s elapsed,     7s left] loss=0.65591 pruned=68   
  training 527/1280 [    5s elapsed,     7s left] loss=0.62183 pruned=68   
  training 528/1280 [    6s elapsed,     8s left] loss=0.64753 pruned=68   
  training 529/1280 [    6s elapsed,     8s left] loss=0.66979 pruned=68   
  training 530/1280 [    6s elapsed,     9s left] loss=0.64255 pruned=68   
  training 531/1280 [    7s elapsed,     9s left] loss=0.66248 pruned=69   
  training 532/1280 [    7s elapsed,    10s left] loss=0.62767 pruned=69   
  training 533/1280 [    7s elapsed,    10s left] loss=0.65369 pruned=69   
  training 534/1280 [    8s elapsed,    11s left] loss=0.65173 pruned=69   
  training 535/1280 [    8s elapsed,    11s left] loss=0.65448 pruned=69   
  training 536/1280 [    8s elapsed,    12s left] loss=0.64415 pruned=69   
  training 537/1280 [    9s elapsed,    12s left] loss=0.66571 pruned=70   
  training 538/1280 [    9s elapsed,    12s left] loss=0.66109 pruned=70   
  training 539/1280 [    9s elapsed,    13s left] loss=0.64811 pruned=70   
  training 540/1280 [   10s elapsed,    13s left] loss=0.65576 pruned=70   
  training 541/1280 [   10s elapsed,    14s left] loss=0.64365 pruned=70   
  training 542/1280 [   10s elapsed,    14s left] loss=0.65789 pruned=71   
  training 543/1280 [   11s elapsed,    15s left] loss=0.65080 pruned=71   
  training 544/1280 [   11s elapsed,    15s left] loss=0.65723 pruned=71   
  training 545/1280 [   11s elapsed,    15s left] loss=0.64326 pruned=71   
  training 546/1280 [   12s elapsed,    16s left] loss=0.63630 pruned=71   
  training 547/1280 [   12s elapsed,    16s left] loss=0.66541 pruned=71   
  training 548/1280 [   12s elapsed,    17s left] loss=0.62925 pruned=72   
  training 549/1280 [   13s elapsed,    17s left] loss=0.63456 pruned=72   
  training 550/1280 [   13s elapsed,    17s left] loss=0.66466 pruned=72   
  training 551/1280 [   14s elapsed,    18s left] loss=0.65353 pruned=72   
  training 552/1280 [   14s elapsed,    18s left] loss=0.66907 pruned=72   
  training 553/1280 [   14s elapsed,    19s left] loss=0.66770 pruned=72   
  training 554/1280 [   15s elapsed,    19s left] loss=0.65892 pruned=73   
  training 555/1280 [   15s elapsed,    19s left] loss=0.63659 pruned=73   
  training 556/1280 [   15s elapsed,    20s left] loss=0.64669 pruned=73   
  training 557/1280 [   16s elapsed,    20s left] loss=0.63229 pruned=73   
  training 558/1280 [   16s elapsed,    21s left] loss=0.65285 pruned=73   
  training 559/1280 [   16s elapsed,    21s left] loss=0.64203 pruned=73   
  training 560/1280 [   17s elapsed,    21s left] loss=0.63668 pruned=74   
  training 561/1280 [   17s elapsed,    22s left] loss=0.65702 pruned=74   
  training 562/1280 [   17s elapsed,    22s left] loss=0.64788 pruned=74   
  training 563/1280 [   18s elapsed,    23s left] loss=0.64627 pruned=74   
  training 564/1280 [   18s elapsed,    23s left] loss=0.66232 pruned=74   
  training 565/1280 [   18s elapsed,    23s left] loss=0.63442 pruned=74   
  training 566/1280 [   19s elapsed,    24s left] loss=0.67980 pruned=75   
  training 567/1280 [   19s elapsed,    24s left] loss=0.66728 pruned=75   
  training 568/1280 [   19s elapsed,    24s left] loss=0.63955 pruned=75   
  training 569/1280 [   20s elapsed,    25s left] loss=0.61402 pruned=75   
  training 570/1280 [   20s elapsed,    25s left] loss=0.64895 pruned=75   
  training 571/1280 [   21s elapsed,    25s left] loss=0.62742 pruned=75   
  training 572/1280 [   21s elapsed,    26s left] loss=0.61187 pruned=76   
  training 573/1280 [   21s elapsed,    26s left] loss=0.64051 pruned=76   
  training 574/1280 [   22s elapsed,    27s left] loss=0.66074 pruned=76   
  training 575/1280 [   22s elapsed,    27s left] loss=0.66168 pruned=76   
  training 576/1280 [   22s elapsed,    27s left] loss=0.65239 pruned=76   
  training 577/1280 [   23s elapsed,    28s left] loss=0.66156 pruned=76   
  training 578/1280 [   23s elapsed,    28s left] loss=0.66308 pruned=77   
  training 579/1280 [   23s elapsed,    28s left] loss=0.64638 pruned=77   
  training 580/1280 [   24s elapsed,    28s left] loss=0.64364 pruned=77   
  training 581/1280 [   24s elapsed,    29s left] loss=0.64021 pruned=77   
  training 582/1280 [   24s elapsed,    29s left] loss=0.65636 pruned=77   
  training 583/1280 [   25s elapsed,    29s left] loss=0.64087 pruned=78   
  training 584/1280 [   25s elapsed,    30s left] loss=0.65684 pruned=78   
  training 585/1280 [   25s elapsed,    30s left] loss=0.66301 pruned=78   
  training 586/1280 [   26s elapsed,    30s left] loss=0.64739 pruned=78   
  training 587/1280 [   26s elapsed,    31s left] loss=0.65042 pruned=78   
  training 588/1280 [   26s elapsed,    31s left] loss=0.65037 pruned=78   
  training 589/1280 [   27s elapsed,    31s left] loss=0.63552 pruned=79   
  training 590/1280 [   27s elapsed,    32s left] loss=0.60158 pruned=79   
  training 591/1280 [   27s elapsed,    32s left] loss=0.64857 pruned=79   
  training 592/1280 [   28s elapsed,    32s left] loss=0.63736 pruned=79   
  training 593/1280 [   28s elapsed,    33s left] loss=0.62221 pruned=79   
  training 594/1280 [   28s elapsed,    33s left] loss=0.65657 pruned=79   
  training 595/1280 [   29s elapsed,    33s left] loss=0.66312 pruned=80   
  training 596/1280 [   29s elapsed,    33s left] loss=0.62982 pruned=80   
  training 597/1280 [   29s elapsed,    34s left] loss=0.67671 pruned=80   
  training 598/1280 [   30s elapsed,    34s left] loss=0.63955 pruned=80   
  training 599/1280 [   30s elapsed,    34s left] loss=0.64372 pruned=80   
  training 600/1280 [   30s elapsed,    35s left] loss=0.66527 pruned=80   
  training 601/1280 [   31s elapsed,    35s left] loss=0.62952 pruned=81   
  training 602/1280 [   31s elapsed,    35s left] loss=0.64584 pruned=81   
  training 603/1280 [   32s elapsed,    35s left] loss=0.64100 pruned=81   
  training 604/1280 [   32s elapsed,    36s left] loss=0.66336 pruned=81   
  training 605/1280 [   32s elapsed,    36s left] loss=0.65833 pruned=81   
  training 606/1280 [   33s elapsed,    36s left] loss=0.65514 pruned=81   
  training 607/1280 [   33s elapsed,    36s left] loss=0.65133 pruned=82   
  training 608/1280 [   33s elapsed,    37s left] loss=0.66065 pruned=82   
  training 609/1280 [   34s elapsed,    37s left] loss=0.63154 pruned=82   
  training 610/1280 [   34s elapsed,    37s left] loss=0.64563 pruned=82   
  training 611/1280 [   34s elapsed,    38s left] loss=0.65732 pruned=82   
  training 612/1280 [   35s elapsed,    38s left] loss=0.65113 pruned=82   
  training 613/1280 [   35s elapsed,    38s left] loss=0.65777 pruned=83   
  training 614/1280 [   35s elapsed,    38s left] loss=0.65714 pruned=83   
  training 615/1280 [   36s elapsed,    39s left] loss=0.65952 pruned=83   
  training 616/1280 [   36s elapsed,    39s left] loss=0.63270 pruned=83   
  training 617/1280 [   36s elapsed,    39s left] loss=0.65801 pruned=83   
  training 618/1280 [   37s elapsed,    39s left] loss=0.64481 pruned=84   
  training 619/1280 [   37s elapsed,    40s left] loss=0.65275 pruned=84   
  training 620/1280 [   37s elapsed,    40s left] loss=0.63717 pruned=84   
  training 621/1280 [   38s elapsed,    40s left] loss=0.65782 pruned=84   
  training 622/1280 [   38s elapsed,    40s left] loss=0.62972 pruned=84   
  training 623/1280 [   38s elapsed,    41s left] loss=0.63955 pruned=84   
  training 624/1280 [   39s elapsed,    41s left] loss=0.65549 pruned=85   
  training 625/1280 [   39s elapsed,    41s left] loss=0.63165 pruned=85   
  training 626/1280 [   39s elapsed,    41s left] loss=0.66155 pruned=85   
  training 627/1280 [   40s elapsed,    41s left] loss=0.64682 pruned=85   
  training 628/1280 [   40s elapsed,    42s left] loss=0.64292 pruned=85   
  training 629/1280 [   41s elapsed,    42s left] loss=0.64568 pruned=85   
  training 630/1280 [   41s elapsed,    42s left] loss=0.64725 pruned=86   
  training 631/1280 [   41s elapsed,    42s left] loss=0.65955 pruned=86   
  training 632/1280 [   42s elapsed,    43s left] loss=0.65392 pruned=86   
  training 633/1280 [   42s elapsed,    43s left] loss=0.68301 pruned=86   
  training 634/1280 [   42s elapsed,    43s left] loss=0.64192 pruned=86   
  training 635/1280 [   43s elapsed,    43s left] loss=0.68481 pruned=86   
  training 636/1280 [   43s elapsed,    44s left] loss=0.66073 pruned=87   
  training 637/1280 [   43s elapsed,    44s left] loss=0.66333 pruned=87   
  training 638/1280 [   44s elapsed,    44s left] loss=0.66988 pruned=87   
  training 639/1280 [   44s elapsed,    44s left] loss=0.64450 pruned=87   
  training 640/1280 [   44s elapsed,    44s left] loss=0.67661 pruned=87   
  training 641/1280 [   45s elapsed,    45s left] loss=0.63610 pruned=87   
  training 642/1280 [   45s elapsed,    45s left] loss=0.65957 pruned=88   
  training 643/1280 [   45s elapsed,    45s left] loss=0.62791 pruned=88   
  training 644/1280 [   46s elapsed,    45s left] loss=0.64190 pruned=88   
  training 645/1280 [   46s elapsed,    45s left] loss=0.66443 pruned=88   
  training 646/1280 [   46s elapsed,    46s left] loss=0.63214 pruned=88   
  training 647/1280 [   47s elapsed,    46s left] loss=0.62412 pruned=88   
  training 648/1280 [   47s elapsed,    46s left] loss=0.65610 pruned=89   
  training 649/1280 [   48s elapsed,    46s left] loss=0.68096 pruned=89   
  training 650/1280 [   48s elapsed,    46s left] loss=0.66028 pruned=89   
  training 651/1280 [   48s elapsed,    47s left] loss=0.65022 pruned=89   
  training 652/1280 [   49s elapsed,    47s left] loss=0.63984 pruned=89   
  training 653/1280 [   49s elapsed,    47s left] loss=0.66113 pruned=89   
  training 654/1280 [   49s elapsed,    47s left] loss=0.61852 pruned=90   
  training 655/1280 [   50s elapsed,    47s left] loss=0.65834 pruned=90   
  training 656/1280 [   50s elapsed,    47s left] loss=0.68325 pruned=90   
  training 657/1280 [   50s elapsed,    48s left] loss=0.68771 pruned=90   
  training 658/1280 [   51s elapsed,    48s left] loss=0.65093 pruned=90   
  training 659/1280 [   51s elapsed,    48s left] loss=0.66472 pruned=91   
  training 660/1280 [   51s elapsed,    48s left] loss=0.66609 pruned=91   
  training 661/1280 [   52s elapsed,    48s left] loss=0.65228 pruned=91   
  training 662/1280 [   52s elapsed,    49s left] loss=0.67897 pruned=91   
  training 663/1280 [   52s elapsed,    49s left] loss=0.65716 pruned=91   
  training 664/1280 [   53s elapsed,    49s left] loss=0.66512 pruned=91   
  training 665/1280 [   53s elapsed,    49s left] loss=0.65725 pruned=92   
  training 666/1280 [   53s elapsed,    49s left] loss=0.66880 pruned=92   
  training 667/1280 [   54s elapsed,    49s left] loss=0.63331 pruned=92   
  training 668/1280 [   54s elapsed,    49s left] loss=0.65997 pruned=92   
  training 669/1280 [   54s elapsed,    50s left] loss=0.68381 pruned=92   
  training 670/1280 [   55s elapsed,    50s left] loss=0.63111 pruned=92   
  training 671/1280 [   55s elapsed,    50s left] loss=0.65645 pruned=93   
  training 672/1280 [   55s elapsed,    50s left] loss=0.66484 pruned=93   
  training 673/1280 [   56s elapsed,    50s left] loss=0.67710 pruned=93   
  training 674/1280 [   56s elapsed,    50s left] loss=0.64500 pruned=93   
  training 675/1280 [   56s elapsed,    51s left] loss=0.65746 pruned=93   
  training 676/1280 [   57s elapsed,    51s left] loss=0.65217 pruned=93   
  training 677/1280 [   57s elapsed,    51s left] loss=0.64623 pruned=94   
  training 678/1280 [   57s elapsed,    51s left] loss=0.64625 pruned=94   
  training 679/1280 [   58s elapsed,    51s left] loss=0.63740 pruned=94   
  training 680/1280 [   58s elapsed,    51s left] loss=0.69950 pruned=94   
  training 681/1280 [   58s elapsed,    51s left] loss=0.65656 pruned=94   
  training 682/1280 [   59s elapsed,    52s left] loss=0.66215 pruned=94   
  training 683/1280 [   59s elapsed,    52s left] loss=0.63489 pruned=95   
  training 684/1280 [   60s elapsed,    52s left] loss=0.62982 pruned=95   
  training 685/1280 [   60s elapsed,    52s left] loss=0.65365 pruned=95   
  training 686/1280 [   60s elapsed,    52s left] loss=0.64163 pruned=95   
  training 687/1280 [   61s elapsed,    52s left] loss=0.63995 pruned=95   
  training 688/1280 [   61s elapsed,    52s left] loss=0.65053 pruned=95   
  training 689/1280 [   61s elapsed,    53s left] loss=0.66033 pruned=96   
  training 690/1280 [   62s elapsed,    53s left] loss=0.63072 pruned=96   
  training 691/1280 [   62s elapsed,    53s left] loss=0.62886 pruned=96   
  training 692/1280 [   62s elapsed,    53s left] loss=0.66305 pruned=96   
  training 693/1280 [   63s elapsed,    53s left] loss=0.64167 pruned=96   
  training 694/1280 [   63s elapsed,    53s left] loss=0.65137 pruned=96   
  training 695/1280 [   63s elapsed,    53s left] loss=0.65063 pruned=97   
  training 696/1280 [   64s elapsed,    53s left] loss=0.63647 pruned=97   
  training 697/1280 [   64s elapsed,    54s left] loss=0.65011 pruned=97   
  training 698/1280 [   64s elapsed,    54s left] loss=0.64628 pruned=97   
  training 699/1280 [   65s elapsed,    54s left] loss=0.64181 pruned=97   
  training 700/1280 [   65s elapsed,    54s left] loss=0.63168 pruned=98   
  training 701/1280 [   65s elapsed,    54s left] loss=0.66800 pruned=98   
  training 702/1280 [   66s elapsed,    54s left] loss=0.65428 pruned=98   
  training 703/1280 [   66s elapsed,    54s left] loss=0.67221 pruned=98   
  training 704/1280 [   66s elapsed,    54s left] loss=0.65464 pruned=98   
  training 705/1280 [   67s elapsed,    54s left] loss=0.66472 pruned=98   
  training 706/1280 [   67s elapsed,    55s left] loss=0.65201 pruned=99   
  training 707/1280 [   67s elapsed,    55s left] loss=0.63493 pruned=99   
  training 708/1280 [   68s elapsed,    55s left] loss=0.69387 pruned=99   
  training 709/1280 [   68s elapsed,    55s left] loss=0.67586 pruned=99   
  training 710/1280 [   68s elapsed,    55s left] loss=0.64553 pruned=99   
  training 711/1280 [   69s elapsed,    55s left] loss=0.62576 pruned=99   
  training 712/1280 [   69s elapsed,    55s left] loss=0.66228 pruned=100   
  training 713/1280 [   69s elapsed,    55s left] loss=0.68027 pruned=100   
  training 714/1280 [   70s elapsed,    55s left] loss=0.64706 pruned=100   
  training 715/1280 [   70s elapsed,    55s left] loss=0.68396 pruned=100   
  training 716/1280 [   70s elapsed,    56s left] loss=0.63167 pruned=100   
  training 717/1280 [   71s elapsed,    56s left] loss=0.65891 pruned=100   
  training 718/1280 [   71s elapsed,    56s left] loss=0.64438 pruned=101   
  training 719/1280 [   72s elapsed,    56s left] loss=0.65628 pruned=101   
  training 720/1280 [   72s elapsed,    56s left] loss=0.66116 pruned=101   
  training 721/1280 [   72s elapsed,    56s left] loss=0.64698 pruned=101   
  training 722/1280 [   73s elapsed,    56s left] loss=0.66171 pruned=101   
  training 723/1280 [   73s elapsed,    56s left] loss=0.67058 pruned=101   
  training 724/1280 [   73s elapsed,    56s left] loss=0.65958 pruned=102   
  training 725/1280 [   74s elapsed,    56s left] loss=0.62630 pruned=102   
  training 726/1280 [   74s elapsed,    56s left] loss=0.64681 pruned=102   
  training 727/1280 [   74s elapsed,    57s left] loss=0.66969 pruned=102   
  training 728/1280 [   75s elapsed,    57s left] loss=0.64619 pruned=102   
  training 729/1280 [   75s elapsed,    57s left] loss=0.63617 pruned=102   
  training 730/1280 [   75s elapsed,    57s left] loss=0.66097 pruned=103   
  training 731/1280 [   76s elapsed,    57s left] loss=0.63902 pruned=103   
  training 732/1280 [   76s elapsed,    57s left] loss=0.66094 pruned=103   
  training 733/1280 [   76s elapsed,    57s left] loss=0.64309 pruned=103   
  training 734/1280 [   77s elapsed,    57s left] loss=0.64143 pruned=103   
  training 735/1280 [   77s elapsed,    57s left] loss=0.63409 pruned=103   
  training 736/1280 [   77s elapsed,    57s left] loss=0.65885 pruned=104   
  training 737/1280 [   78s elapsed,    57s left] loss=0.64492 pruned=104   
  training 738/1280 [   78s elapsed,    57s left] loss=0.65075 pruned=104   
  training 739/1280 [   79s elapsed,    57s left] loss=0.66030 pruned=104   
  training 740/1280 [   79s elapsed,    58s left] loss=0.63958 pruned=104   
  training 741/1280 [   79s elapsed,    58s left] loss=0.65543 pruned=105   
  training 742/1280 [   80s elapsed,    58s left] loss=0.65980 pruned=105   
  training 743/1280 [   80s elapsed,    58s left] loss=0.68883 pruned=105   
  training 744/1280 [   80s elapsed,    58s left] loss=0.66021 pruned=105   
  training 745/1280 [   81s elapsed,    58s left] loss=0.65954 pruned=105   
  training 746/1280 [   81s elapsed,    58s left] loss=0.65689 pruned=105   
  training 747/1280 [   81s elapsed,    58s left] loss=0.65909 pruned=106   
  training 748/1280 [   82s elapsed,    58s left] loss=0.63951 pruned=106   
  training 749/1280 [   82s elapsed,    58s left] loss=0.66054 pruned=106   
  training 750/1280 [   82s elapsed,    58s left] loss=0.64518 pruned=106   
  training 751/1280 [   83s elapsed,    58s left] loss=0.64308 pruned=106   
  training 752/1280 [   83s elapsed,    58s left] loss=0.65815 pruned=106   
  training 753/1280 [   83s elapsed,    58s left] loss=0.67332 pruned=107   
  training 754/1280 [   84s elapsed,    58s left] loss=0.65428 pruned=107   
  training 755/1280 [   84s elapsed,    58s left] loss=0.64345 pruned=107   
  training 756/1280 [   84s elapsed,    58s left] loss=0.65204 pruned=107   
  training 757/1280 [   85s elapsed,    59s left] loss=0.63788 pruned=107   
  training 758/1280 [   85s elapsed,    59s left] loss=0.65983 pruned=107   
  training 759/1280 [   86s elapsed,    59s left] loss=0.63709 pruned=108   
  training 760/1280 [   86s elapsed,    59s left] loss=0.63431 pruned=108   
  training 761/1280 [   86s elapsed,    59s left] loss=0.64169 pruned=108   
  training 762/1280 [   87s elapsed,    59s left] loss=0.65338 pruned=108   
  training 763/1280 [   87s elapsed,    59s left] loss=0.65647 pruned=108   
  training 764/1280 [   87s elapsed,    59s left] loss=0.64650 pruned=108   
  training 765/1280 [   88s elapsed,    59s left] loss=0.64524 pruned=109   
  training 766/1280 [   88s elapsed,    59s left] loss=0.65486 pruned=109   
  training 767/1280 [   88s elapsed,    59s left] loss=0.65641 pruned=109   
  training 768/1280 [   89s elapsed,    59s left] loss=0.66300 pruned=109   
    epoch 3/5 | loss 0.651063 | masker: {'active': True, 'total_heads': 512, 'active_heads': 403, 'pruned_heads': 109, 'prune_events': 109, 'prune_fraction': 0.3}
    checkpoint -> /root/results/checkpoint.pt (epoch 3, 2.5GB)
  training 769/1280 [    0s elapsed,     0s left] loss=0.64485 pruned=109   
  training 770/1280 [    1s elapsed,     0s left] loss=0.65519 pruned=109   
  training 771/1280 [    1s elapsed,     1s left] loss=0.62898 pruned=110   
  training 772/1280 [    1s elapsed,     1s left] loss=0.64464 pruned=110   
  training 773/1280 [    2s elapsed,     1s left] loss=0.64982 pruned=110   
  training 774/1280 [    2s elapsed,     1s left] loss=0.66425 pruned=110   
  training 775/1280 [    2s elapsed,     2s left] loss=0.66534 pruned=110   
  training 776/1280 [    3s elapsed,     2s left] loss=0.65011 pruned=110   
  training 777/1280 [    3s elapsed,     2s left] loss=0.68652 pruned=111   
  training 778/1280 [    3s elapsed,     2s left] loss=0.64858 pruned=111   
  training 779/1280 [    4s elapsed,     2s left] loss=0.64988 pruned=111   
  training 780/1280 [    4s elapsed,     3s left] loss=0.65123 pruned=111   
  training 781/1280 [    4s elapsed,     3s left] loss=0.67353 pruned=111   
  training 782/1280 [    5s elapsed,     3s left] loss=0.68672 pruned=112   
  training 783/1280 [    5s elapsed,     3s left] loss=0.66949 pruned=112   
  training 784/1280 [    5s elapsed,     3s left] loss=0.65372 pruned=112   
  training 785/1280 [    6s elapsed,     4s left] loss=0.66035 pruned=112   
  training 786/1280 [    6s elapsed,     4s left] loss=0.66977 pruned=112   
  training 787/1280 [    6s elapsed,     4s left] loss=0.66226 pruned=112   
  training 788/1280 [    7s elapsed,     4s left] loss=0.67353 pruned=113   
  training 789/1280 [    7s elapsed,     4s left] loss=0.66188 pruned=113   
  training 790/1280 [    8s elapsed,     5s left] loss=0.66278 pruned=113   
  training 791/1280 [    8s elapsed,     5s left] loss=0.65018 pruned=113   
  training 792/1280 [    8s elapsed,     5s left] loss=0.66068 pruned=113   
  training 793/1280 [    9s elapsed,     5s left] loss=0.65787 pruned=113   
  training 794/1280 [    9s elapsed,     6s left] loss=0.64503 pruned=114   
  training 795/1280 [    9s elapsed,     6s left] loss=0.64621 pruned=114   
  training 796/1280 [   10s elapsed,     6s left] loss=0.69355 pruned=114   
  training 797/1280 [   10s elapsed,     6s left] loss=0.66747 pruned=114   
  training 798/1280 [   11s elapsed,     6s left] loss=0.68140 pruned=114   
  training 799/1280 [   11s elapsed,     7s left] loss=0.66027 pruned=114   
  training 800/1280 [   11s elapsed,     7s left] loss=0.66045 pruned=115   
  training 801/1280 [   12s elapsed,     7s left] loss=0.68289 pruned=115   
  training 802/1280 [   12s elapsed,     7s left] loss=0.68848 pruned=115   
  training 803/1280 [   12s elapsed,     7s left] loss=0.65532 pruned=115   
  training 804/1280 [   13s elapsed,     7s left] loss=0.63815 pruned=115   
  training 805/1280 [   13s elapsed,     8s left] loss=0.64121 pruned=115   
  training 806/1280 [   13s elapsed,     8s left] loss=0.66962 pruned=116   
  training 807/1280 [   14s elapsed,     8s left] loss=0.68948 pruned=116   
  training 808/1280 [   14s elapsed,     8s left] loss=0.63314 pruned=116   
  training 809/1280 [   14s elapsed,     8s left] loss=0.66579 pruned=116   
  training 810/1280 [   15s elapsed,     8s left] loss=0.66118 pruned=116   
  training 811/1280 [   15s elapsed,     9s left] loss=0.64692 pruned=116   
  training 812/1280 [   15s elapsed,     9s left] loss=0.68221 pruned=117   
  training 813/1280 [   16s elapsed,     9s left] loss=0.68220 pruned=117   
  training 814/1280 [   16s elapsed,     9s left] loss=0.68276 pruned=117   
  training 815/1280 [   16s elapsed,     9s left] loss=0.67576 pruned=117   
  training 816/1280 [   17s elapsed,     9s left] loss=0.65497 pruned=117   
  training 817/1280 [   17s elapsed,    10s left] loss=0.67113 pruned=117   
  training 818/1280 [   17s elapsed,    10s left] loss=0.67806 pruned=118   
  training 819/1280 [   18s elapsed,    10s left] loss=0.67891 pruned=118   
  training 820/1280 [   18s elapsed,    10s left] loss=0.63978 pruned=118   
  training 821/1280 [   18s elapsed,    10s left] loss=0.65942 pruned=118   
  training 822/1280 [   19s elapsed,    10s left] loss=0.65295 pruned=118   
  training 823/1280 [   19s elapsed,    11s left] loss=0.69010 pruned=119   
  training 824/1280 [   19s elapsed,    11s left] loss=0.67215 pruned=119   
  training 825/1280 [   20s elapsed,    11s left] loss=0.66241 pruned=119   
  training 826/1280 [   20s elapsed,    11s left] loss=0.66529 pruned=119   
  training 827/1280 [   21s elapsed,    11s left] loss=0.65621 pruned=119   
  training 828/1280 [   21s elapsed,    11s left] loss=0.63745 pruned=119   
  training 829/1280 [   21s elapsed,    12s left] loss=0.65195 pruned=120   
  training 830/1280 [   22s elapsed,    12s left] loss=0.65891 pruned=120   
  training 831/1280 [   22s elapsed,    12s left] loss=0.67219 pruned=120   
  training 832/1280 [   22s elapsed,    12s left] loss=0.67343 pruned=120   
  training 833/1280 [   23s elapsed,    12s left] loss=0.68411 pruned=120   
  training 834/1280 [   23s elapsed,    12s left] loss=0.68389 pruned=120   
  training 835/1280 [   23s elapsed,    12s left] loss=0.68475 pruned=121   
  training 836/1280 [   24s elapsed,    13s left] loss=0.64830 pruned=121   
  training 837/1280 [   24s elapsed,    13s left] loss=0.64775 pruned=121   
  training 838/1280 [   24s elapsed,    13s left] loss=0.65507 pruned=121   
  training 839/1280 [   25s elapsed,    13s left] loss=0.67213 pruned=121   
  training 840/1280 [   25s elapsed,    13s left] loss=0.66045 pruned=121   
  training 841/1280 [   25s elapsed,    13s left] loss=0.66317 pruned=122   
  training 842/1280 [   26s elapsed,    13s left] loss=0.69211 pruned=122   
  training 843/1280 [   26s elapsed,    13s left] loss=0.70423 pruned=122   
  training 844/1280 [   26s elapsed,    14s left] loss=0.68244 pruned=122   
  training 845/1280 [   27s elapsed,    14s left] loss=0.64249 pruned=122   
  training 846/1280 [   27s elapsed,    14s left] loss=0.65312 pruned=122   
  training 847/1280 [   27s elapsed,    14s left] loss=0.66289 pruned=123   
  training 848/1280 [   28s elapsed,    14s left] loss=0.68053 pruned=123   
  training 849/1280 [   28s elapsed,    14s left] loss=0.68073 pruned=123   
  training 850/1280 [   28s elapsed,    14s left] loss=0.66524 pruned=123   
  training 851/1280 [   29s elapsed,    15s left] loss=0.64984 pruned=123   
  training 852/1280 [   29s elapsed,    15s left] loss=0.67785 pruned=123   
  training 853/1280 [   29s elapsed,    15s left] loss=0.65399 pruned=124   
  training 854/1280 [   30s elapsed,    15s left] loss=0.68345 pruned=124   
  training 855/1280 [   30s elapsed,    15s left] loss=0.70053 pruned=124   
  training 856/1280 [   30s elapsed,    15s left] loss=0.70302 pruned=124   
  training 857/1280 [   31s elapsed,    15s left] loss=0.68793 pruned=124   
  training 858/1280 [   31s elapsed,    15s left] loss=0.69173 pruned=124   
  training 859/1280 [   32s elapsed,    15s left] loss=0.69769 pruned=125   
  training 860/1280 [   32s elapsed,    16s left] loss=0.68029 pruned=125   
  training 861/1280 [   32s elapsed,    16s left] loss=0.68156 pruned=125   
  training 862/1280 [   33s elapsed,    16s left] loss=0.67802 pruned=125   
  training 863/1280 [   33s elapsed,    16s left] loss=0.67949 pruned=125   
  training 864/1280 [   33s elapsed,    16s left] loss=0.70893 pruned=126   
  training 865/1280 [   34s elapsed,    16s left] loss=0.66404 pruned=126   
  training 866/1280 [   34s elapsed,    16s left] loss=0.70901 pruned=126   
  training 867/1280 [   34s elapsed,    16s left] loss=0.69644 pruned=126   
  training 868/1280 [   35s elapsed,    16s left] loss=0.69061 pruned=126   
  training 869/1280 [   35s elapsed,    17s left] loss=0.68756 pruned=126   
  training 870/1280 [   35s elapsed,    17s left] loss=0.68797 pruned=127   
  training 871/1280 [   36s elapsed,    17s left] loss=0.69046 pruned=127   
  training 872/1280 [   36s elapsed,    17s left] loss=0.69813 pruned=127   
  training 873/1280 [   36s elapsed,    17s left] loss=0.69331 pruned=127   
  training 874/1280 [   37s elapsed,    17s left] loss=0.68916 pruned=127   
  training 875/1280 [   37s elapsed,    17s left] loss=0.67874 pruned=127   
  training 876/1280 [   37s elapsed,    17s left] loss=0.69703 pruned=128   
  training 877/1280 [   38s elapsed,    17s left] loss=0.69725 pruned=128   
  training 878/1280 [   38s elapsed,    17s left] loss=0.67983 pruned=128   
  training 879/1280 [   38s elapsed,    18s left] loss=0.69133 pruned=128   
  training 880/1280 [   39s elapsed,    18s left] loss=0.70150 pruned=128   
  training 881/1280 [   39s elapsed,    18s left] loss=0.72228 pruned=128   
  training 882/1280 [   40s elapsed,    18s left] loss=0.70309 pruned=129   
  training 883/1280 [   40s elapsed,    18s left] loss=0.71199 pruned=129   
  training 884/1280 [   40s elapsed,    18s left] loss=0.70302 pruned=129   
  training 885/1280 [   41s elapsed,    18s left] loss=0.69658 pruned=129   
  training 886/1280 [   41s elapsed,    18s left] loss=0.69461 pruned=129   
  training 887/1280 [   41s elapsed,    18s left] loss=0.71335 pruned=129   
  training 888/1280 [   42s elapsed,    18s left] loss=0.69152 pruned=130   
  training 889/1280 [   42s elapsed,    18s left] loss=0.69357 pruned=130   
  training 890/1280 [   42s elapsed,    19s left] loss=0.70116 pruned=130   
  training 891/1280 [   43s elapsed,    19s left] loss=0.72586 pruned=130   
  training 892/1280 [   43s elapsed,    19s left] loss=0.69532 pruned=130   
  training 893/1280 [   43s elapsed,    19s left] loss=0.69271 pruned=130   
  training 894/1280 [   44s elapsed,    19s left] loss=0.70816 pruned=131   
  training 895/1280 [   44s elapsed,    19s left] loss=0.71725 pruned=131   
  training 896/1280 [   44s elapsed,    19s left] loss=0.70390 pruned=131   
  training 897/1280 [   45s elapsed,    19s left] loss=0.69934 pruned=131   
  training 898/1280 [   45s elapsed,    19s left] loss=0.69298 pruned=131   
  training 899/1280 [   45s elapsed,    19s left] loss=0.73501 pruned=131   
  training 900/1280 [   46s elapsed,    19s left] loss=0.68540 pruned=132   
  training 901/1280 [   46s elapsed,    19s left] loss=0.70752 pruned=132   
  training 902/1280 [   46s elapsed,    19s left] loss=0.70994 pruned=132   
  training 903/1280 [   47s elapsed,    20s left] loss=0.68378 pruned=132   
  training 904/1280 [   47s elapsed,    20s left] loss=0.71106 pruned=132   
  training 905/1280 [   47s elapsed,    20s left] loss=0.72009 pruned=133   
  training 906/1280 [   48s elapsed,    20s left] loss=0.70041 pruned=133   
  training 907/1280 [   48s elapsed,    20s left] loss=0.71294 pruned=133   
  training 908/1280 [   48s elapsed,    20s left] loss=0.70926 pruned=133   
  training 909/1280 [   49s elapsed,    20s left] loss=0.72492 pruned=133   
  training 910/1280 [   49s elapsed,    20s left] loss=0.68656 pruned=133   
  training 911/1280 [   49s elapsed,    20s left] loss=0.69422 pruned=134   
  training 912/1280 [   50s elapsed,    20s left] loss=0.69708 pruned=134   
  training 913/1280 [   50s elapsed,    20s left] loss=0.70915 pruned=134   
  training 914/1280 [   50s elapsed,    20s left] loss=0.69906 pruned=134   
  training 915/1280 [   51s elapsed,    20s left] loss=0.68827 pruned=134   
  training 916/1280 [   51s elapsed,    20s left] loss=0.68820 pruned=134   
  training 917/1280 [   52s elapsed,    20s left] loss=0.71492 pruned=135   
  training 918/1280 [   52s elapsed,    20s left] loss=0.69570 pruned=135   
  training 919/1280 [   52s elapsed,    21s left] loss=0.70163 pruned=135   
  training 920/1280 [   53s elapsed,    21s left] loss=0.72057 pruned=135   
  training 921/1280 [   53s elapsed,    21s left] loss=0.70368 pruned=135   
  training 922/1280 [   53s elapsed,    21s left] loss=0.72822 pruned=135   
  training 923/1280 [   54s elapsed,    21s left] loss=0.72376 pruned=136   
  training 924/1280 [   54s elapsed,    21s left] loss=0.67617 pruned=136   
  training 925/1280 [   54s elapsed,    21s left] loss=0.70135 pruned=136   
  training 926/1280 [   55s elapsed,    21s left] loss=0.69603 pruned=136   
  training 927/1280 [   55s elapsed,    21s left] loss=0.70313 pruned=136   
  training 928/1280 [   55s elapsed,    21s left] loss=0.71484 pruned=136   
  training 929/1280 [   56s elapsed,    21s left] loss=0.69884 pruned=137   
  training 930/1280 [   56s elapsed,    21s left] loss=0.71985 pruned=137   
  training 931/1280 [   56s elapsed,    21s left] loss=0.70991 pruned=137   
  training 932/1280 [   57s elapsed,    21s left] loss=0.69576 pruned=137   
  training 933/1280 [   57s elapsed,    21s left] loss=0.70444 pruned=137   
  training 934/1280 [   57s elapsed,    21s left] loss=0.68997 pruned=137   
  training 935/1280 [   58s elapsed,    21s left] loss=0.71538 pruned=138   
  training 936/1280 [   58s elapsed,    21s left] loss=0.69936 pruned=138   
  training 937/1280 [   58s elapsed,    21s left] loss=0.70272 pruned=138   
  training 938/1280 [   59s elapsed,    21s left] loss=0.68222 pruned=138   
  training 939/1280 [   59s elapsed,    21s left] loss=0.71618 pruned=138   
  training 940/1280 [   59s elapsed,    22s left] loss=0.67891 pruned=138   
  training 941/1280 [   60s elapsed,    22s left] loss=0.71081 pruned=139   
  training 942/1280 [   60s elapsed,    22s left] loss=0.72751 pruned=139   
  training 943/1280 [   60s elapsed,    22s left] loss=0.71277 pruned=139   
  training 944/1280 [   61s elapsed,    22s left] loss=0.69548 pruned=139   
  training 945/1280 [   61s elapsed,    22s left] loss=0.69198 pruned=139   
  training 946/1280 [   62s elapsed,    22s left] loss=0.71659 pruned=140   
  training 947/1280 [   62s elapsed,    22s left] loss=0.72063 pruned=140   
  training 948/1280 [   62s elapsed,    22s left] loss=0.71429 pruned=140   
  training 949/1280 [   63s elapsed,    22s left] loss=0.72607 pruned=140   
  training 950/1280 [   63s elapsed,    22s left] loss=0.70549 pruned=140   
  training 951/1280 [   63s elapsed,    22s left] loss=0.70796 pruned=140   
  training 952/1280 [   64s elapsed,    22s left] loss=0.72241 pruned=141   
  training 953/1280 [   64s elapsed,    22s left] loss=0.72756 pruned=141   
  training 954/1280 [   64s elapsed,    22s left] loss=0.71069 pruned=141   
  training 955/1280 [   65s elapsed,    22s left] loss=0.68689 pruned=141   
  training 956/1280 [   65s elapsed,    22s left] loss=0.75183 pruned=141   
  training 957/1280 [   65s elapsed,    22s left] loss=0.69733 pruned=141   
  training 958/1280 [   66s elapsed,    22s left] loss=0.70274 pruned=142   
  training 959/1280 [   66s elapsed,    22s left] loss=0.70524 pruned=142   
  training 960/1280 [   66s elapsed,    22s left] loss=0.72286 pruned=142   
  training 961/1280 [   67s elapsed,    22s left] loss=0.72112 pruned=142   
  training 962/1280 [   67s elapsed,    22s left] loss=0.69010 pruned=142   
  training 963/1280 [   67s elapsed,    22s left] loss=0.70056 pruned=142   
  training 964/1280 [   68s elapsed,    22s left] loss=0.70262 pruned=143   
  training 965/1280 [   68s elapsed,    22s left] loss=0.72550 pruned=143   
  training 966/1280 [   68s elapsed,    22s left] loss=0.71251 pruned=143   
  training 967/1280 [   69s elapsed,    22s left] loss=0.71490 pruned=143   
  training 968/1280 [   69s elapsed,    22s left] loss=0.70138 pruned=143   
  training 969/1280 [   69s elapsed,    22s left] loss=0.71972 pruned=143   
  training 970/1280 [   70s elapsed,    22s left] loss=0.73324 pruned=144   
  training 971/1280 [   70s elapsed,    22s left] loss=0.70697 pruned=144   
  training 972/1280 [   70s elapsed,    22s left] loss=0.71642 pruned=144   
  training 973/1280 [   71s elapsed,    22s left] loss=0.71410 pruned=144   
  training 974/1280 [   71s elapsed,    22s left] loss=0.72553 pruned=144   
  training 975/1280 [   71s elapsed,    22s left] loss=0.69845 pruned=144   
  training 976/1280 [   72s elapsed,    22s left] loss=0.70310 pruned=145   
  training 977/1280 [   72s elapsed,    22s left] loss=0.71930 pruned=145   
  training 978/1280 [   72s elapsed,    22s left] loss=0.71242 pruned=145   
  training 979/1280 [   73s elapsed,    22s left] loss=0.70807 pruned=145   
  training 980/1280 [   73s elapsed,    22s left] loss=0.68555 pruned=145   
  training 981/1280 [   74s elapsed,    22s left] loss=0.70134 pruned=145   
  training 982/1280 [   74s elapsed,    22s left] loss=0.69030 pruned=146   
  training 983/1280 [   74s elapsed,    22s left] loss=0.71491 pruned=146   
  training 984/1280 [   75s elapsed,    22s left] loss=0.73581 pruned=146   
  training 985/1280 [   75s elapsed,    22s left] loss=0.71645 pruned=146   
  training 986/1280 [   75s elapsed,    22s left] loss=0.73067 pruned=146   
  training 987/1280 [   76s elapsed,    22s left] loss=0.73177 pruned=147   
  training 988/1280 [   76s elapsed,    22s left] loss=0.69829 pruned=147   
  training 989/1280 [   76s elapsed,    22s left] loss=0.70359 pruned=147   
  training 990/1280 [   77s elapsed,    22s left] loss=0.69533 pruned=147   
  training 991/1280 [   77s elapsed,    22s left] loss=0.72572 pruned=147   
  training 992/1280 [   77s elapsed,    22s left] loss=0.67272 pruned=147   
  training 993/1280 [   78s elapsed,    22s left] loss=0.70636 pruned=148   
  training 994/1280 [   78s elapsed,    22s left] loss=0.70289 pruned=148   
  training 995/1280 [   78s elapsed,    22s left] loss=0.68695 pruned=148   
  training 996/1280 [   79s elapsed,    22s left] loss=0.71593 pruned=148   
  training 997/1280 [   79s elapsed,    22s left] loss=0.72582 pruned=148   
  training 998/1280 [   79s elapsed,    22s left] loss=0.72601 pruned=148   
  training 999/1280 [   80s elapsed,    22s left] loss=0.70999 pruned=149   
  training 1000/1280 [   80s elapsed,    22s left] loss=0.72556 pruned=149   
  training 1001/1280 [   80s elapsed,    22s left] loss=0.72203 pruned=149   
  training 1002/1280 [   81s elapsed,    22s left] loss=0.72666 pruned=149   
  training 1003/1280 [   81s elapsed,    22s left] loss=0.70506 pruned=149   
  training 1004/1280 [   81s elapsed,    22s left] loss=0.69228 pruned=149   
  training 1005/1280 [   82s elapsed,    22s left] loss=0.71167 pruned=150   
  training 1006/1280 [   82s elapsed,    22s left] loss=0.70125 pruned=150   
  training 1007/1280 [   82s elapsed,    22s left] loss=0.73180 pruned=150   
  training 1008/1280 [   83s elapsed,    22s left] loss=0.72098 pruned=150   
  training 1009/1280 [   83s elapsed,    22s left] loss=0.68660 pruned=150   
  training 1010/1280 [   84s elapsed,    22s left] loss=0.71850 pruned=150   
  training 1011/1280 [   84s elapsed,    22s left] loss=0.71911 pruned=151   
  training 1012/1280 [   84s elapsed,    22s left] loss=0.72917 pruned=151   
  training 1013/1280 [   85s elapsed,    22s left] loss=0.73920 pruned=151   
  training 1014/1280 [   85s elapsed,    22s left] loss=0.71384 pruned=151   
  training 1015/1280 [   85s elapsed,    22s left] loss=0.71045 pruned=151   
  training 1016/1280 [   86s elapsed,    22s left] loss=0.71172 pruned=151   
  training 1017/1280 [   86s elapsed,    22s left] loss=0.69686 pruned=152   
  training 1018/1280 [   87s elapsed,    22s left] loss=0.70386 pruned=152   
  training 1019/1280 [   87s elapsed,    22s left] loss=0.71046 pruned=152   
  training 1020/1280 [   87s elapsed,    22s left] loss=0.70840 pruned=152   
  training 1021/1280 [   88s elapsed,    22s left] loss=0.69648 pruned=152   
  training 1022/1280 [   88s elapsed,    22s left] loss=0.71130 pruned=152   
  training 1023/1280 [   88s elapsed,    22s left] loss=0.69875 pruned=153   
  training 1024/1280 [   89s elapsed,    22s left] loss=0.72407 pruned=153   
    epoch 4/5 | loss 0.691780 | masker: {'active': True, 'total_heads': 512, 'active_heads': 359, 'pruned_heads': 153, 'prune_events': 153, 'prune_fraction': 0.3}
    checkpoint -> /root/results/checkpoint.pt (epoch 4, 2.5GB)
  training 1025/1280 [    0s elapsed,     0s left] loss=0.70425 pruned=153   
  training 1026/1280 [    1s elapsed,     0s left] loss=0.70873 pruned=153   
  training 1027/1280 [    1s elapsed,     0s left] loss=0.70573 pruned=153   
  training 1028/1280 [    1s elapsed,     0s left] loss=0.68936 pruned=153   
  training 1029/1280 [    2s elapsed,     0s left] loss=0.71718 pruned=153   
  training 1030/1280 [    2s elapsed,     1s left] loss=0.72134 pruned=153   
  training 1031/1280 [    3s elapsed,     1s left] loss=0.71900 pruned=153   
  training 1032/1280 [    3s elapsed,     1s left] loss=0.70583 pruned=153   
  training 1033/1280 [    3s elapsed,     1s left] loss=0.70363 pruned=153   
  training 1034/1280 [    4s elapsed,     1s left] loss=0.70104 pruned=153   
  training 1035/1280 [    4s elapsed,     1s left] loss=0.72165 pruned=153   
  training 1036/1280 [    4s elapsed,     1s left] loss=0.69663 pruned=153   
  training 1037/1280 [    5s elapsed,     1s left] loss=0.69607 pruned=153   
  training 1038/1280 [    5s elapsed,     1s left] loss=0.69754 pruned=153   
  training 1039/1280 [    5s elapsed,     1s left] loss=0.70976 pruned=153   
  training 1040/1280 [    6s elapsed,     1s left] loss=0.71160 pruned=153   
  training 1041/1280 [    6s elapsed,     1s left] loss=0.69551 pruned=153   
  training 1042/1280 [    7s elapsed,     1s left] loss=0.70627 pruned=153   
  training 1043/1280 [    7s elapsed,     2s left] loss=0.68811 pruned=153   
  training 1044/1280 [    7s elapsed,     2s left] loss=0.70910 pruned=153   
  training 1045/1280 [    8s elapsed,     2s left] loss=0.73472 pruned=153   
  training 1046/1280 [    8s elapsed,     2s left] loss=0.69445 pruned=153   
  training 1047/1280 [    8s elapsed,     2s left] loss=0.71720 pruned=153   
  training 1048/1280 [    9s elapsed,     2s left] loss=0.70791 pruned=153   
  training 1049/1280 [    9s elapsed,     2s left] loss=0.69476 pruned=153   
  training 1050/1280 [    9s elapsed,     2s left] loss=0.70163 pruned=153   
  training 1051/1280 [   10s elapsed,     2s left] loss=0.68965 pruned=153   
  training 1052/1280 [   10s elapsed,     2s left] loss=0.71432 pruned=153   
  training 1053/1280 [   10s elapsed,     2s left] loss=0.69989 pruned=153   
  training 1054/1280 [   11s elapsed,     2s left] loss=0.72240 pruned=153   
  training 1055/1280 [   11s elapsed,     2s left] loss=0.70540 pruned=153   
  training 1056/1280 [   11s elapsed,     2s left] loss=0.69121 pruned=153   
  training 1057/1280 [   12s elapsed,     2s left] loss=0.68730 pruned=153   
  training 1058/1280 [   12s elapsed,     3s left] loss=0.68525 pruned=153   
  training 1059/1280 [   12s elapsed,     3s left] loss=0.69925 pruned=153   
  training 1060/1280 [   13s elapsed,     3s left] loss=0.71970 pruned=153   
  training 1061/1280 [   13s elapsed,     3s left] loss=0.71934 pruned=153   
  training 1062/1280 [   13s elapsed,     3s left] loss=0.70005 pruned=153   
  training 1063/1280 [   14s elapsed,     3s left] loss=0.73321 pruned=153   
  training 1064/1280 [   14s elapsed,     3s left] loss=0.68012 pruned=153   
  training 1065/1280 [   14s elapsed,     3s left] loss=0.70190 pruned=153   
  training 1066/1280 [   15s elapsed,     3s left] loss=0.70155 pruned=153   
  training 1067/1280 [   15s elapsed,     3s left] loss=0.70144 pruned=153   
  training 1068/1280 [   15s elapsed,     3s left] loss=0.71059 pruned=153   
  training 1069/1280 [   16s elapsed,     3s left] loss=0.73608 pruned=153   
  training 1070/1280 [   16s elapsed,     3s left] loss=0.70929 pruned=153   
  training 1071/1280 [   16s elapsed,     3s left] loss=0.68635 pruned=153   
  training 1072/1280 [   17s elapsed,     3s left] loss=0.70835 pruned=153   
  training 1073/1280 [   17s elapsed,     3s left] loss=0.69849 pruned=153   
  training 1074/1280 [   17s elapsed,     3s left] loss=0.70773 pruned=153   
  training 1075/1280 [   18s elapsed,     3s left] loss=0.70021 pruned=153   
  training 1076/1280 [   18s elapsed,     3s left] loss=0.70445 pruned=153   
  training 1077/1280 [   18s elapsed,     3s left] loss=0.68923 pruned=153   
  training 1078/1280 [   19s elapsed,     4s left] loss=0.70603 pruned=153   
  training 1079/1280 [   19s elapsed,     4s left] loss=0.70063 pruned=153   
  training 1080/1280 [   20s elapsed,     4s left] loss=0.70377 pruned=153   
  training 1081/1280 [   20s elapsed,     4s left] loss=0.70439 pruned=153   
  training 1082/1280 [   20s elapsed,     4s left] loss=0.69787 pruned=153   
  training 1083/1280 [   21s elapsed,     4s left] loss=0.69649 pruned=153   
  training 1084/1280 [   21s elapsed,     4s left] loss=0.70534 pruned=153   
  training 1085/1280 [   21s elapsed,     4s left] loss=0.71710 pruned=153   
  training 1086/1280 [   22s elapsed,     4s left] loss=0.70263 pruned=153   
  training 1087/1280 [   22s elapsed,     4s left] loss=0.72264 pruned=153   
  training 1088/1280 [   22s elapsed,     4s left] loss=0.70066 pruned=153   
  training 1089/1280 [   23s elapsed,     4s left] loss=0.70563 pruned=153   
  training 1090/1280 [   23s elapsed,     4s left] loss=0.69035 pruned=153   
  training 1091/1280 [   23s elapsed,     4s left] loss=0.70574 pruned=153   
  training 1092/1280 [   24s elapsed,     4s left] loss=0.68572 pruned=153   
  training 1093/1280 [   24s elapsed,     4s left] loss=0.69232 pruned=153   
  training 1094/1280 [   24s elapsed,     4s left] loss=0.71557 pruned=153   
  training 1095/1280 [   25s elapsed,     4s left] loss=0.71623 pruned=153   
  training 1096/1280 [   25s elapsed,     4s left] loss=0.69310 pruned=153   
  training 1097/1280 [   25s elapsed,     4s left] loss=0.68424 pruned=153   
  training 1098/1280 [   26s elapsed,     4s left] loss=0.68017 pruned=153   
  training 1099/1280 [   26s elapsed,     4s left] loss=0.70619 pruned=153   
  training 1100/1280 [   26s elapsed,     4s left] loss=0.69347 pruned=153   
  training 1101/1280 [   27s elapsed,     4s left] loss=0.70090 pruned=153   
  training 1102/1280 [   27s elapsed,     4s left] loss=0.68573 pruned=153   
  training 1103/1280 [   27s elapsed,     4s left] loss=0.69361 pruned=153   
  training 1104/1280 [   28s elapsed,     4s left] loss=0.69098 pruned=153   
  training 1105/1280 [   28s elapsed,     4s left] loss=0.69381 pruned=153   
  training 1106/1280 [   29s elapsed,     4s left] loss=0.67790 pruned=153   
  training 1107/1280 [   29s elapsed,     5s left] loss=0.70562 pruned=153   
  training 1108/1280 [   29s elapsed,     5s left] loss=0.71168 pruned=153   
  training 1109/1280 [   30s elapsed,     5s left] loss=0.68056 pruned=153   
  training 1110/1280 [   30s elapsed,     5s left] loss=0.66386 pruned=153   
  training 1111/1280 [   30s elapsed,     5s left] loss=0.69693 pruned=153   
  training 1112/1280 [   31s elapsed,     5s left] loss=0.69122 pruned=153   
  training 1113/1280 [   31s elapsed,     5s left] loss=0.68439 pruned=153   
  training 1114/1280 [   31s elapsed,     5s left] loss=0.67372 pruned=153   
  training 1115/1280 [   32s elapsed,     5s left] loss=0.68525 pruned=153   
  training 1116/1280 [   32s elapsed,     5s left] loss=0.71088 pruned=153   
  training 1117/1280 [   32s elapsed,     5s left] loss=0.68100 pruned=153   
  training 1118/1280 [   33s elapsed,     5s left] loss=0.68512 pruned=153   
  training 1119/1280 [   33s elapsed,     5s left] loss=0.67714 pruned=153   
  training 1120/1280 [   33s elapsed,     5s left] loss=0.69299 pruned=153   
  training 1121/1280 [   34s elapsed,     5s left] loss=0.66626 pruned=153   
  training 1122/1280 [   34s elapsed,     5s left] loss=0.70479 pruned=153   
  training 1123/1280 [   34s elapsed,     5s left] loss=0.68551 pruned=153   
  training 1124/1280 [   35s elapsed,     5s left] loss=0.70041 pruned=153   
  training 1125/1280 [   35s elapsed,     5s left] loss=0.70914 pruned=153   
  training 1126/1280 [   35s elapsed,     5s left] loss=0.67648 pruned=153   
  training 1127/1280 [   36s elapsed,     5s left] loss=0.69622 pruned=153   
  training 1128/1280 [   36s elapsed,     5s left] loss=0.69975 pruned=153   
  training 1129/1280 [   36s elapsed,     5s left] loss=0.67800 pruned=153   
  training 1130/1280 [   37s elapsed,     5s left] loss=0.68074 pruned=153   
  training 1131/1280 [   37s elapsed,     5s left] loss=0.69873 pruned=153   
  training 1132/1280 [   37s elapsed,     5s left] loss=0.68530 pruned=153   
  training 1133/1280 [   38s elapsed,     5s left] loss=0.71547 pruned=153   
  training 1134/1280 [   38s elapsed,     5s left] loss=0.68926 pruned=153   
  training 1135/1280 [   38s elapsed,     5s left] loss=0.69456 pruned=153   
  training 1136/1280 [   39s elapsed,     5s left] loss=0.66890 pruned=153   
  training 1137/1280 [   39s elapsed,     5s left] loss=0.71173 pruned=153   
  training 1138/1280 [   39s elapsed,     5s left] loss=0.70008 pruned=153   
  training 1139/1280 [   40s elapsed,     5s left] loss=0.67007 pruned=153   
  training 1140/1280 [   40s elapsed,     5s left] loss=0.69974 pruned=153   
  training 1141/1280 [   41s elapsed,     5s left] loss=0.68115 pruned=153   
  training 1142/1280 [   41s elapsed,     5s left] loss=0.66252 pruned=153   
  training 1143/1280 [   41s elapsed,     5s left] loss=0.69122 pruned=153   
  training 1144/1280 [   42s elapsed,     5s left] loss=0.67450 pruned=153   
  training 1145/1280 [   42s elapsed,     5s left] loss=0.68452 pruned=153   
  training 1146/1280 [   42s elapsed,     5s left] loss=0.70409 pruned=153   
  training 1147/1280 [   43s elapsed,     5s left] loss=0.69975 pruned=153   
  training 1148/1280 [   43s elapsed,     5s left] loss=0.68243 pruned=153   
  training 1149/1280 [   43s elapsed,     5s left] loss=0.69416 pruned=153   
  training 1150/1280 [   44s elapsed,     5s left] loss=0.74183 pruned=153   
  training 1151/1280 [   44s elapsed,     5s left] loss=0.68386 pruned=153   
  training 1152/1280 [   44s elapsed,     5s left] loss=0.69077 pruned=153   
  training 1153/1280 [   45s elapsed,     5s left] loss=0.68285 pruned=153   
  training 1154/1280 [   45s elapsed,     5s left] loss=0.69686 pruned=153   
  training 1155/1280 [   45s elapsed,     5s left] loss=0.70036 pruned=153   
  training 1156/1280 [   46s elapsed,     5s left] loss=0.67266 pruned=153   
  training 1157/1280 [   46s elapsed,     5s left] loss=0.67207 pruned=153   
  training 1158/1280 [   46s elapsed,     5s left] loss=0.68247 pruned=153   
  training 1159/1280 [   47s elapsed,     5s left] loss=0.69232 pruned=153   
  training 1160/1280 [   47s elapsed,     5s left] loss=0.67812 pruned=153   
  training 1161/1280 [   47s elapsed,     5s left] loss=0.68519 pruned=153   
  training 1162/1280 [   48s elapsed,     5s left] loss=0.69669 pruned=153   
  training 1163/1280 [   48s elapsed,     5s left] loss=0.66316 pruned=153   
  training 1164/1280 [   48s elapsed,     5s left] loss=0.67792 pruned=153   
  training 1165/1280 [   49s elapsed,     5s left] loss=0.71040 pruned=153   
  training 1166/1280 [   49s elapsed,     5s left] loss=0.66421 pruned=153   
  training 1167/1280 [   49s elapsed,     5s left] loss=0.71200 pruned=153   
  training 1168/1280 [   50s elapsed,     5s left] loss=0.66187 pruned=153   
  training 1169/1280 [   50s elapsed,     5s left] loss=0.68488 pruned=153   
  training 1170/1280 [   50s elapsed,     5s left] loss=0.67574 pruned=153   
  training 1171/1280 [   51s elapsed,     5s left] loss=0.69653 pruned=153   
  training 1172/1280 [   51s elapsed,     5s left] loss=0.69840 pruned=153   
  training 1173/1280 [   51s elapsed,     5s left] loss=0.69430 pruned=153   
  training 1174/1280 [   52s elapsed,     5s left] loss=0.67383 pruned=153   
  training 1175/1280 [   52s elapsed,     5s left] loss=0.69251 pruned=153   
  training 1176/1280 [   52s elapsed,     5s left] loss=0.67297 pruned=153   
  training 1177/1280 [   53s elapsed,     5s left] loss=0.70145 pruned=153   
  training 1178/1280 [   53s elapsed,     5s left] loss=0.66444 pruned=153   
  training 1179/1280 [   53s elapsed,     5s left] loss=0.66782 pruned=153   
  training 1180/1280 [   54s elapsed,     5s left] loss=0.69661 pruned=153   
  training 1181/1280 [   54s elapsed,     5s left] loss=0.69858 pruned=153   
  training 1182/1280 [   55s elapsed,     5s left] loss=0.68368 pruned=153   
  training 1183/1280 [   55s elapsed,     5s left] loss=0.67676 pruned=153   
  training 1184/1280 [   55s elapsed,     4s left] loss=0.67956 pruned=153   
  training 1185/1280 [   56s elapsed,     4s left] loss=0.68018 pruned=153   
  training 1186/1280 [   56s elapsed,     4s left] loss=0.68494 pruned=153   
  training 1187/1280 [   57s elapsed,     4s left] loss=0.67905 pruned=153   
  training 1188/1280 [   57s elapsed,     4s left] loss=0.68956 pruned=153   
  training 1189/1280 [   57s elapsed,     4s left] loss=0.72433 pruned=153   
  training 1190/1280 [   58s elapsed,     4s left] loss=0.68031 pruned=153   
  training 1191/1280 [   58s elapsed,     4s left] loss=0.68646 pruned=153   
  training 1192/1280 [   59s elapsed,     4s left] loss=0.71020 pruned=153   
  training 1193/1280 [   59s elapsed,     4s left] loss=0.70105 pruned=153   
  training 1194/1280 [   59s elapsed,     4s left] loss=0.68613 pruned=153   
  training 1195/1280 [   60s elapsed,     4s left] loss=0.68110 pruned=153   
  training 1196/1280 [   60s elapsed,     4s left] loss=0.66699 pruned=153   
  training 1197/1280 [   60s elapsed,     4s left] loss=0.68537 pruned=153   
  training 1198/1280 [   61s elapsed,     4s left] loss=0.71814 pruned=153   
  training 1199/1280 [   61s elapsed,     4s left] loss=0.70257 pruned=153   
  training 1200/1280 [   62s elapsed,     4s left] loss=0.68857 pruned=153   
  training 1201/1280 [   62s elapsed,     4s left] loss=0.68012 pruned=153   
  training 1202/1280 [   63s elapsed,     4s left] loss=0.69688 pruned=153   
  training 1203/1280 [   63s elapsed,     4s left] loss=0.67769 pruned=153   
  training 1204/1280 [   63s elapsed,     4s left] loss=0.67514 pruned=153   
  training 1205/1280 [   64s elapsed,     4s left] loss=0.68538 pruned=153   
  training 1206/1280 [   64s elapsed,     4s left] loss=0.68014 pruned=153   
  training 1207/1280 [   65s elapsed,     4s left] loss=0.68408 pruned=153   
  training 1208/1280 [   65s elapsed,     4s left] loss=0.66971 pruned=153   
  training 1209/1280 [   65s elapsed,     4s left] loss=0.70425 pruned=153   
  training 1210/1280 [   66s elapsed,     4s left] loss=0.66855 pruned=153   
  training 1211/1280 [   66s elapsed,     4s left] loss=0.67410 pruned=153   
  training 1212/1280 [   66s elapsed,     4s left] loss=0.67198 pruned=153   
  training 1213/1280 [   67s elapsed,     4s left] loss=0.69061 pruned=153   
  training 1214/1280 [   67s elapsed,     4s left] loss=0.65218 pruned=153   
  training 1215/1280 [   67s elapsed,     4s left] loss=0.65898 pruned=153   
  training 1216/1280 [   68s elapsed,     4s left] loss=0.67984 pruned=153   
  training 1217/1280 [   68s elapsed,     4s left] loss=0.64276 pruned=153   
  training 1218/1280 [   69s elapsed,     3s left] loss=0.68165 pruned=153   
  training 1219/1280 [   69s elapsed,     3s left] loss=0.67177 pruned=153   
  training 1220/1280 [   69s elapsed,     3s left] loss=0.69135 pruned=153   
  training 1221/1280 [   70s elapsed,     3s left] loss=0.67903 pruned=153   
  training 1222/1280 [   70s elapsed,     3s left] loss=0.67581 pruned=153   
  training 1223/1280 [   70s elapsed,     3s left] loss=0.67803 pruned=153   
  training 1224/1280 [   71s elapsed,     3s left] loss=0.69227 pruned=153   
  training 1225/1280 [   71s elapsed,     3s left] loss=0.67694 pruned=153   
  training 1226/1280 [   72s elapsed,     3s left] loss=0.69104 pruned=153   
  training 1227/1280 [   72s elapsed,     3s left] loss=0.67933 pruned=153   
  training 1228/1280 [   72s elapsed,     3s left] loss=0.68546 pruned=153   
  training 1229/1280 [   73s elapsed,     3s left] loss=0.69041 pruned=153   
  training 1230/1280 [   73s elapsed,     3s left] loss=0.67533 pruned=153   
  training 1231/1280 [   74s elapsed,     3s left] loss=0.68129 pruned=153   
  training 1232/1280 [   74s elapsed,     3s left] loss=0.68959 pruned=153   
  training 1233/1280 [   74s elapsed,     3s left] loss=0.68034 pruned=153   
  training 1234/1280 [   75s elapsed,     3s left] loss=0.67240 pruned=153   
  training 1235/1280 [   75s elapsed,     3s left] loss=0.66326 pruned=153   
  training 1236/1280 [   76s elapsed,     3s left] loss=0.69089 pruned=153   
  training 1237/1280 [   76s elapsed,     3s left] loss=0.69508 pruned=153   
  training 1238/1280 [   76s elapsed,     3s left] loss=0.67997 pruned=153   
  training 1239/1280 [   77s elapsed,     3s left] loss=0.64397 pruned=153   
  training 1240/1280 [   77s elapsed,     2s left] loss=0.68007 pruned=153   
  training 1241/1280 [   78s elapsed,     2s left] loss=0.67681 pruned=153   
  training 1242/1280 [   78s elapsed,     2s left] loss=0.66676 pruned=153   
  training 1243/1280 [   78s elapsed,     2s left] loss=0.67580 pruned=153   
  training 1244/1280 [   79s elapsed,     2s left] loss=0.65878 pruned=153   
  training 1245/1280 [   79s elapsed,     2s left] loss=0.70229 pruned=153   
  training 1246/1280 [   79s elapsed,     2s left] loss=0.66718 pruned=153   
  training 1247/1280 [   80s elapsed,     2s left] loss=0.71149 pruned=153   
  training 1248/1280 [   80s elapsed,     2s left] loss=0.69177 pruned=153   
  training 1249/1280 [   81s elapsed,     2s left] loss=0.66092 pruned=153   
  training 1250/1280 [   81s elapsed,     2s left] loss=0.68341 pruned=153   
  training 1251/1280 [   81s elapsed,     2s left] loss=0.67758 pruned=153   
  training 1252/1280 [   82s elapsed,     2s left] loss=0.67533 pruned=153   
  training 1253/1280 [   82s elapsed,     2s left] loss=0.67699 pruned=153   
  training 1254/1280 [   82s elapsed,     2s left] loss=0.67374 pruned=153   
  training 1255/1280 [   83s elapsed,     2s left] loss=0.68314 pruned=153   
  training 1256/1280 [   83s elapsed,     2s left] loss=0.66531 pruned=153   
  training 1257/1280 [   83s elapsed,     2s left] loss=0.68328 pruned=153   
  training 1258/1280 [   84s elapsed,     1s left] loss=0.67273 pruned=153   
  training 1259/1280 [   84s elapsed,     1s left] loss=0.66886 pruned=153   
  training 1260/1280 [   85s elapsed,     1s left] loss=0.68701 pruned=153   
  training 1261/1280 [   85s elapsed,     1s left] loss=0.65236 pruned=153   
  training 1262/1280 [   85s elapsed,     1s left] loss=0.65833 pruned=153   
  training 1263/1280 [   86s elapsed,     1s left] loss=0.66780 pruned=153   
  training 1264/1280 [   86s elapsed,     1s left] loss=0.67077 pruned=153   
  training 1265/1280 [   86s elapsed,     1s left] loss=0.63300 pruned=153   
  training 1266/1280 [   87s elapsed,     1s left] loss=0.67374 pruned=153   
  training 1267/1280 [   87s elapsed,     1s left] loss=0.64526 pruned=153   
  training 1268/1280 [   87s elapsed,     1s left] loss=0.67248 pruned=153   
  training 1269/1280 [   88s elapsed,     1s left] loss=0.66070 pruned=153   
  training 1270/1280 [   88s elapsed,     1s left] loss=0.67605 pruned=153   
  training 1271/1280 [   89s elapsed,     1s left] loss=0.66665 pruned=153   
  training 1272/1280 [   89s elapsed,     1s left] loss=0.69940 pruned=153   
  training 1273/1280 [   89s elapsed,     0s left] loss=0.65353 pruned=153   
  training 1274/1280 [   90s elapsed,     0s left] loss=0.66864 pruned=153   
  training 1275/1280 [   90s elapsed,     0s left] loss=0.65489 pruned=153   
  training 1276/1280 [   90s elapsed,     0s left] loss=0.66705 pruned=153   
  training 1277/1280 [   91s elapsed,     0s left] loss=0.66858 pruned=153   
  training 1278/1280 [   91s elapsed,     0s left] loss=0.67621 pruned=153   
  training 1279/1280 [   91s elapsed,     0s left] loss=0.68097 pruned=153   
  training 1280/1280 [   92s elapsed,     0s left] loss=0.66870 pruned=153   
    epoch 5/5 | loss 0.688974 | masker: {'active': True, 'total_heads': 512, 'active_heads': 359, 'pruned_heads': 153, 'prune_events': 153, 'prune_fraction': 0.3}
    checkpoint -> /root/results/checkpoint.pt (epoch 5, 2.5GB)
  losses: [0.65751, 0.641325, 0.651063, 0.69178, 0.688974]
  masker: {'active': True, 'total_heads': 512, 'active_heads': 359, 'pruned_heads': 153, 'prune_events': 153, 'prune_fraction': 0.3}
=== Post-SAL structural scan ============================================
  FI 0.0056 -> 0.0057 (+0.0001)
  FI=0.0057 | 2 immune, 8 buffer, 22 critical
  saved /root/results/post_sal_scan.json
=== Control arm (5 epochs, no head masking) =============================
  control epoch 1/5 1/256 [    0s elapsed,    90s left] loss=0.67219 pruned=0   
  control epoch 1/5 2/256 [    1s elapsed,    87s left] loss=0.68933 pruned=0   
  control epoch 1/5 3/256 [    1s elapsed,    87s left] loss=0.66663 pruned=0   
  control epoch 1/5 4/256 [    1s elapsed,    90s left] loss=0.66541 pruned=0   
  control epoch 1/5 5/256 [    2s elapsed,    92s left] loss=0.69151 pruned=0   
  control epoch 1/5 6/256 [    2s elapsed,    91s left] loss=0.65175 pruned=0   
  control epoch 1/5 7/256 [    3s elapsed,    90s left] loss=0.66746 pruned=0   
  control epoch 1/5 8/256 [    3s elapsed,    89s left] loss=0.66210 pruned=0   
  control epoch 1/5 9/256 [    3s elapsed,    88s left] loss=0.67488 pruned=0   
  control epoch 1/5 10/256 [    4s elapsed,    87s left] loss=0.68113 pruned=0   
  control epoch 1/5 11/256 [    4s elapsed,    86s left] loss=0.70742 pruned=0   
  control epoch 1/5 12/256 [    4s elapsed,    86s left] loss=0.67455 pruned=0   
  control epoch 1/5 13/256 [    5s elapsed,    86s left] loss=0.67321 pruned=0   
  control epoch 1/5 14/256 [    5s elapsed,    85s left] loss=0.70197 pruned=0   
  control epoch 1/5 15/256 [    5s elapsed,    85s left] loss=0.67522 pruned=0   
  control epoch 1/5 16/256 [    6s elapsed,    84s left] loss=0.66470 pruned=0   
  control epoch 1/5 17/256 [    6s elapsed,    84s left] loss=0.65613 pruned=0   
  control epoch 1/5 18/256 [    6s elapsed,    83s left] loss=0.66182 pruned=0   
  control epoch 1/5 19/256 [    7s elapsed,    82s left] loss=0.66689 pruned=0   
  control epoch 1/5 20/256 [    7s elapsed,    82s left] loss=0.65227 pruned=0   
  control epoch 1/5 21/256 [    7s elapsed,    81s left] loss=0.68193 pruned=0   
  control epoch 1/5 22/256 [    8s elapsed,    81s left] loss=0.68023 pruned=0   
  control epoch 1/5 23/256 [    8s elapsed,    81s left] loss=0.69890 pruned=0   
  control epoch 1/5 24/256 [    8s elapsed,    80s left] loss=0.64657 pruned=0   
  control epoch 1/5 25/256 [    9s elapsed,    80s left] loss=0.66579 pruned=0   
  control epoch 1/5 26/256 [    9s elapsed,    79s left] loss=0.67026 pruned=0   
  control epoch 1/5 27/256 [    9s elapsed,    79s left] loss=0.66579 pruned=0   
  control epoch 1/5 28/256 [   10s elapsed,    78s left] loss=0.68594 pruned=0   
  control epoch 1/5 29/256 [   10s elapsed,    78s left] loss=0.69990 pruned=0   
  control epoch 1/5 30/256 [   10s elapsed,    77s left] loss=0.66119 pruned=0   
  control epoch 1/5 31/256 [   11s elapsed,    77s left] loss=0.68097 pruned=0   
  control epoch 1/5 32/256 [   11s elapsed,    77s left] loss=0.65881 pruned=0   
  control epoch 1/5 33/256 [   11s elapsed,    76s left] loss=0.67523 pruned=0   
  control epoch 1/5 34/256 [   12s elapsed,    76s left] loss=0.67757 pruned=0   
  control epoch 1/5 35/256 [   12s elapsed,    76s left] loss=0.65489 pruned=0   
  control epoch 1/5 36/256 [   12s elapsed,    75s left] loss=0.65588 pruned=0   
  control epoch 1/5 37/256 [   13s elapsed,    75s left] loss=0.65646 pruned=0   
  control epoch 1/5 38/256 [   13s elapsed,    74s left] loss=0.66672 pruned=0   
  control epoch 1/5 39/256 [   13s elapsed,    74s left] loss=0.68543 pruned=0   
  control epoch 1/5 40/256 [   14s elapsed,    74s left] loss=0.70081 pruned=0   
  control epoch 1/5 41/256 [   14s elapsed,    73s left] loss=0.66904 pruned=0   
  control epoch 1/5 42/256 [   14s elapsed,    73s left] loss=0.67719 pruned=0   
  control epoch 1/5 43/256 [   15s elapsed,    73s left] loss=0.66000 pruned=0   
  control epoch 1/5 44/256 [   15s elapsed,    72s left] loss=0.66710 pruned=0   
  control epoch 1/5 45/256 [   15s elapsed,    72s left] loss=0.63312 pruned=0   
  control epoch 1/5 46/256 [   16s elapsed,    71s left] loss=0.67908 pruned=0   
  control epoch 1/5 47/256 [   16s elapsed,    71s left] loss=0.65815 pruned=0   
  control epoch 1/5 48/256 [   16s elapsed,    71s left] loss=0.66002 pruned=0   
  control epoch 1/5 49/256 [   17s elapsed,    70s left] loss=0.66685 pruned=0   
  control epoch 1/5 50/256 [   17s elapsed,    70s left] loss=0.69194 pruned=0   
  control epoch 1/5 51/256 [   17s elapsed,    70s left] loss=0.66705 pruned=0   
  control epoch 1/5 52/256 [   18s elapsed,    69s left] loss=0.62997 pruned=0   
  control epoch 1/5 53/256 [   18s elapsed,    69s left] loss=0.65145 pruned=0   
  control epoch 1/5 54/256 [   18s elapsed,    69s left] loss=0.65088 pruned=0   
  control epoch 1/5 55/256 [   19s elapsed,    68s left] loss=0.65486 pruned=0   
  control epoch 1/5 56/256 [   19s elapsed,    68s left] loss=0.65837 pruned=0   
  control epoch 1/5 57/256 [   19s elapsed,    68s left] loss=0.66100 pruned=0   
  control epoch 1/5 58/256 [   20s elapsed,    67s left] loss=0.64955 pruned=0   
  control epoch 1/5 59/256 [   20s elapsed,    67s left] loss=0.65863 pruned=0   
  control epoch 1/5 60/256 [   20s elapsed,    66s left] loss=0.64785 pruned=0   
  control epoch 1/5 61/256 [   21s elapsed,    66s left] loss=0.64625 pruned=0   
  control epoch 1/5 62/256 [   21s elapsed,    66s left] loss=0.69196 pruned=0   
  control epoch 1/5 63/256 [   21s elapsed,    65s left] loss=0.67644 pruned=0   
  control epoch 1/5 64/256 [   22s elapsed,    65s left] loss=0.66731 pruned=0   
  control epoch 1/5 65/256 [   22s elapsed,    65s left] loss=0.64776 pruned=0   
  control epoch 1/5 66/256 [   22s elapsed,    64s left] loss=0.65854 pruned=0   
  control epoch 1/5 67/256 [   23s elapsed,    64s left] loss=0.66910 pruned=0   
  control epoch 1/5 68/256 [   23s elapsed,    64s left] loss=0.67329 pruned=0   
  control epoch 1/5 69/256 [   23s elapsed,    63s left] loss=0.66024 pruned=0   
  control epoch 1/5 70/256 [   24s elapsed,    63s left] loss=0.67980 pruned=0   
  control epoch 1/5 71/256 [   24s elapsed,    63s left] loss=0.63779 pruned=0   
  control epoch 1/5 72/256 [   24s elapsed,    62s left] loss=0.64616 pruned=0   
  control epoch 1/5 73/256 [   25s elapsed,    62s left] loss=0.66055 pruned=0   
  control epoch 1/5 74/256 [   25s elapsed,    62s left] loss=0.66727 pruned=0   
  control epoch 1/5 75/256 [   25s elapsed,    61s left] loss=0.68302 pruned=0   
  control epoch 1/5 76/256 [   26s elapsed,    61s left] loss=0.65472 pruned=0   
  control epoch 1/5 77/256 [   26s elapsed,    61s left] loss=0.63338 pruned=0   
  control epoch 1/5 78/256 [   26s elapsed,    60s left] loss=0.65084 pruned=0   
  control epoch 1/5 79/256 [   27s elapsed,    60s left] loss=0.65682 pruned=0   
  control epoch 1/5 80/256 [   27s elapsed,    60s left] loss=0.64437 pruned=0   
  control epoch 1/5 81/256 [   27s elapsed,    59s left] loss=0.68185 pruned=0   
  control epoch 1/5 82/256 [   28s elapsed,    59s left] loss=0.65453 pruned=0   
  control epoch 1/5 83/256 [   28s elapsed,    59s left] loss=0.67353 pruned=0   
  control epoch 1/5 84/256 [   28s elapsed,    58s left] loss=0.66119 pruned=0   
  control epoch 1/5 85/256 [   29s elapsed,    58s left] loss=0.65073 pruned=0   
  control epoch 1/5 86/256 [   29s elapsed,    57s left] loss=0.66174 pruned=0   
  control epoch 1/5 87/256 [   29s elapsed,    57s left] loss=0.66083 pruned=0   
  control epoch 1/5 88/256 [   30s elapsed,    57s left] loss=0.68067 pruned=0   
  control epoch 1/5 89/256 [   30s elapsed,    56s left] loss=0.66988 pruned=0   
  control epoch 1/5 90/256 [   30s elapsed,    56s left] loss=0.66027 pruned=0   
  control epoch 1/5 91/256 [   31s elapsed,    56s left] loss=0.67446 pruned=0   
  control epoch 1/5 92/256 [   31s elapsed,    56s left] loss=0.69268 pruned=0   
  control epoch 1/5 93/256 [   32s elapsed,    55s left] loss=0.67947 pruned=0   
  control epoch 1/5 94/256 [   32s elapsed,    55s left] loss=0.63681 pruned=0   
  control epoch 1/5 95/256 [   32s elapsed,    55s left] loss=0.66975 pruned=0   
  control epoch 1/5 96/256 [   33s elapsed,    54s left] loss=0.66956 pruned=0   
  control epoch 1/5 97/256 [   33s elapsed,    54s left] loss=0.66616 pruned=0   
  control epoch 1/5 98/256 [   33s elapsed,    54s left] loss=0.67506 pruned=0   
  control epoch 1/5 99/256 [   34s elapsed,    53s left] loss=0.63979 pruned=0   
  control epoch 1/5 100/256 [   34s elapsed,    53s left] loss=0.66740 pruned=0   
  control epoch 1/5 101/256 [   34s elapsed,    53s left] loss=0.63044 pruned=0   
  control epoch 1/5 102/256 [   35s elapsed,    52s left] loss=0.62376 pruned=0   
  control epoch 1/5 103/256 [   35s elapsed,    52s left] loss=0.65723 pruned=0   
  control epoch 1/5 104/256 [   35s elapsed,    52s left] loss=0.62906 pruned=0   
  control epoch 1/5 105/256 [   36s elapsed,    51s left] loss=0.65088 pruned=0   
  control epoch 1/5 106/256 [   36s elapsed,    51s left] loss=0.65941 pruned=0   
  control epoch 1/5 107/256 [   36s elapsed,    51s left] loss=0.66868 pruned=0   
  control epoch 1/5 108/256 [   37s elapsed,    50s left] loss=0.67295 pruned=0   
  control epoch 1/5 109/256 [   37s elapsed,    50s left] loss=0.66262 pruned=0   
  control epoch 1/5 110/256 [   37s elapsed,    50s left] loss=0.64983 pruned=0   
  control epoch 1/5 111/256 [   38s elapsed,    49s left] loss=0.64347 pruned=0   
  control epoch 1/5 112/256 [   38s elapsed,    49s left] loss=0.66835 pruned=0   
  control epoch 1/5 113/256 [   38s elapsed,    49s left] loss=0.67846 pruned=0   
  control epoch 1/5 114/256 [   39s elapsed,    48s left] loss=0.65948 pruned=0   
  control epoch 1/5 115/256 [   39s elapsed,    48s left] loss=0.66712 pruned=0   
  control epoch 1/5 116/256 [   39s elapsed,    48s left] loss=0.64455 pruned=0   
  control epoch 1/5 117/256 [   40s elapsed,    47s left] loss=0.64549 pruned=0   
  control epoch 1/5 118/256 [   40s elapsed,    47s left] loss=0.65557 pruned=0   
  control epoch 1/5 119/256 [   40s elapsed,    47s left] loss=0.68569 pruned=0   
  control epoch 1/5 120/256 [   41s elapsed,    46s left] loss=0.63545 pruned=0   
  control epoch 1/5 121/256 [   41s elapsed,    46s left] loss=0.63450 pruned=0   
  control epoch 1/5 122/256 [   41s elapsed,    46s left] loss=0.64094 pruned=0   
  control epoch 1/5 123/256 [   42s elapsed,    45s left] loss=0.67225 pruned=0   
  control epoch 1/5 124/256 [   42s elapsed,    45s left] loss=0.68522 pruned=0   
  control epoch 1/5 125/256 [   42s elapsed,    44s left] loss=0.67349 pruned=0   
  control epoch 1/5 126/256 [   43s elapsed,    44s left] loss=0.63527 pruned=0   
  control epoch 1/5 127/256 [   43s elapsed,    44s left] loss=0.64250 pruned=0   
  control epoch 1/5 128/256 [   44s elapsed,    44s left] loss=0.66874 pruned=0   
  control epoch 1/5 129/256 [   44s elapsed,    43s left] loss=0.67303 pruned=0   
  control epoch 1/5 130/256 [   44s elapsed,    43s left] loss=0.63480 pruned=0   
  control epoch 1/5 131/256 [   45s elapsed,    42s left] loss=0.66883 pruned=0   
  control epoch 1/5 132/256 [   45s elapsed,    42s left] loss=0.63016 pruned=0   
  control epoch 1/5 133/256 [   45s elapsed,    42s left] loss=0.66811 pruned=0   
  control epoch 1/5 134/256 [   46s elapsed,    41s left] loss=0.67362 pruned=0   
  control epoch 1/5 135/256 [   46s elapsed,    41s left] loss=0.64956 pruned=0   
  control epoch 1/5 136/256 [   46s elapsed,    41s left] loss=0.63579 pruned=0   
  control epoch 1/5 137/256 [   47s elapsed,    40s left] loss=0.63072 pruned=0   
  control epoch 1/5 138/256 [   47s elapsed,    40s left] loss=0.62007 pruned=0   
  control epoch 1/5 139/256 [   47s elapsed,    40s left] loss=0.63709 pruned=0   
  control epoch 1/5 140/256 [   48s elapsed,    39s left] loss=0.65299 pruned=0   
  control epoch 1/5 141/256 [   48s elapsed,    39s left] loss=0.67817 pruned=0   
  control epoch 1/5 142/256 [   48s elapsed,    39s left] loss=0.67853 pruned=0   
  control epoch 1/5 143/256 [   49s elapsed,    38s left] loss=0.64150 pruned=0   
  control epoch 1/5 144/256 [   49s elapsed,    38s left] loss=0.64610 pruned=0   
  control epoch 1/5 145/256 [   49s elapsed,    38s left] loss=0.63419 pruned=0   
  control epoch 1/5 146/256 [   50s elapsed,    37s left] loss=0.63424 pruned=0   
  control epoch 1/5 147/256 [   50s elapsed,    37s left] loss=0.66613 pruned=0   
  control epoch 1/5 148/256 [   50s elapsed,    37s left] loss=0.65132 pruned=0   
  control epoch 1/5 149/256 [   51s elapsed,    36s left] loss=0.65537 pruned=0   
  control epoch 1/5 150/256 [   51s elapsed,    36s left] loss=0.64490 pruned=0   
  control epoch 1/5 151/256 [   51s elapsed,    36s left] loss=0.63182 pruned=0   
  control epoch 1/5 152/256 [   52s elapsed,    35s left] loss=0.66652 pruned=0   
  control epoch 1/5 153/256 [   52s elapsed,    35s left] loss=0.62865 pruned=0   
  control epoch 1/5 154/256 [   52s elapsed,    35s left] loss=0.61568 pruned=0   
  control epoch 1/5 155/256 [   53s elapsed,    34s left] loss=0.63723 pruned=0   
  control epoch 1/5 156/256 [   53s elapsed,    34s left] loss=0.65569 pruned=0   
  control epoch 1/5 157/256 [   53s elapsed,    34s left] loss=0.67475 pruned=0   
  control epoch 1/5 158/256 [   54s elapsed,    33s left] loss=0.63748 pruned=0   
  control epoch 1/5 159/256 [   54s elapsed,    33s left] loss=0.64389 pruned=0   
  control epoch 1/5 160/256 [   54s elapsed,    33s left] loss=0.67126 pruned=0   
  control epoch 1/5 161/256 [   55s elapsed,    32s left] loss=0.65801 pruned=0   
  control epoch 1/5 162/256 [   55s elapsed,    32s left] loss=0.62581 pruned=0   
  control epoch 1/5 163/256 [   55s elapsed,    32s left] loss=0.65613 pruned=0   
  control epoch 1/5 164/256 [   56s elapsed,    31s left] loss=0.65474 pruned=0   
  control epoch 1/5 165/256 [   56s elapsed,    31s left] loss=0.64971 pruned=0   
  control epoch 1/5 166/256 [   56s elapsed,    31s left] loss=0.63996 pruned=0   
  control epoch 1/5 167/256 [   57s elapsed,    30s left] loss=0.62010 pruned=0   
  control epoch 1/5 168/256 [   57s elapsed,    30s left] loss=0.61088 pruned=0   
  control epoch 1/5 169/256 [   57s elapsed,    30s left] loss=0.62941 pruned=0   
  control epoch 1/5 170/256 [   58s elapsed,    29s left] loss=0.65519 pruned=0   
  control epoch 1/5 171/256 [   58s elapsed,    29s left] loss=0.65608 pruned=0   
  control epoch 1/5 172/256 [   58s elapsed,    29s left] loss=0.64931 pruned=0   
  control epoch 1/5 173/256 [   59s elapsed,    28s left] loss=0.62645 pruned=0   
  control epoch 1/5 174/256 [   59s elapsed,    28s left] loss=0.62951 pruned=0   
  control epoch 1/5 175/256 [   59s elapsed,    27s left] loss=0.64105 pruned=0   
  control epoch 1/5 176/256 [   60s elapsed,    27s left] loss=0.65003 pruned=0   
  control epoch 1/5 177/256 [   60s elapsed,    27s left] loss=0.62842 pruned=0   
  control epoch 1/5 178/256 [   60s elapsed,    26s left] loss=0.61965 pruned=0   
  control epoch 1/5 179/256 [   61s elapsed,    26s left] loss=0.63407 pruned=0   
  control epoch 1/5 180/256 [   61s elapsed,    26s left] loss=0.62425 pruned=0   
  control epoch 1/5 181/256 [   61s elapsed,    25s left] loss=0.64203 pruned=0   
  control epoch 1/5 182/256 [   62s elapsed,    25s left] loss=0.64139 pruned=0   
  control epoch 1/5 183/256 [   62s elapsed,    25s left] loss=0.66786 pruned=0   
  control epoch 1/5 184/256 [   63s elapsed,    24s left] loss=0.60713 pruned=0   
  control epoch 1/5 185/256 [   63s elapsed,    24s left] loss=0.63059 pruned=0   
  control epoch 1/5 186/256 [   63s elapsed,    24s left] loss=0.63859 pruned=0   
  control epoch 1/5 187/256 [   64s elapsed,    24s left] loss=0.63297 pruned=0   
  control epoch 1/5 188/256 [   64s elapsed,    23s left] loss=0.63406 pruned=0   
  control epoch 1/5 189/256 [   64s elapsed,    23s left] loss=0.63071 pruned=0   
  control epoch 1/5 190/256 [   65s elapsed,    22s left] loss=0.65790 pruned=0   
  control epoch 1/5 191/256 [   65s elapsed,    22s left] loss=0.60715 pruned=0   
  control epoch 1/5 192/256 [   65s elapsed,    22s left] loss=0.62118 pruned=0   
  control epoch 1/5 193/256 [   66s elapsed,    21s left] loss=0.64520 pruned=0   
  control epoch 1/5 194/256 [   66s elapsed,    21s left] loss=0.63724 pruned=0   
  control epoch 1/5 195/256 [   67s elapsed,    21s left] loss=0.65079 pruned=0   
  control epoch 1/5 196/256 [   67s elapsed,    20s left] loss=0.62093 pruned=0   
  control epoch 1/5 197/256 [   67s elapsed,    20s left] loss=0.64760 pruned=0   
  control epoch 1/5 198/256 [   68s elapsed,    20s left] loss=0.64873 pruned=0   
  control epoch 1/5 199/256 [   68s elapsed,    19s left] loss=0.63293 pruned=0   
  control epoch 1/5 200/256 [   68s elapsed,    19s left] loss=0.63921 pruned=0   
  control epoch 1/5 201/256 [   69s elapsed,    19s left] loss=0.63409 pruned=0   
  control epoch 1/5 202/256 [   69s elapsed,    18s left] loss=0.63859 pruned=0   
  control epoch 1/5 203/256 [   69s elapsed,    18s left] loss=0.66519 pruned=0   
  control epoch 1/5 204/256 [   70s elapsed,    18s left] loss=0.65417 pruned=0   
  control epoch 1/5 205/256 [   70s elapsed,    17s left] loss=0.62455 pruned=0   
  control epoch 1/5 206/256 [   70s elapsed,    17s left] loss=0.64978 pruned=0   
  control epoch 1/5 207/256 [   71s elapsed,    17s left] loss=0.63361 pruned=0   
  control epoch 1/5 208/256 [   71s elapsed,    16s left] loss=0.65486 pruned=0   
  control epoch 1/5 209/256 [   71s elapsed,    16s left] loss=0.65503 pruned=0   
  control epoch 1/5 210/256 [   72s elapsed,    16s left] loss=0.64385 pruned=0   
  control epoch 1/5 211/256 [   72s elapsed,    15s left] loss=0.62968 pruned=0   
  control epoch 1/5 212/256 [   72s elapsed,    15s left] loss=0.61390 pruned=0   
  control epoch 1/5 213/256 [   73s elapsed,    15s left] loss=0.66805 pruned=0   
  control epoch 1/5 214/256 [   73s elapsed,    14s left] loss=0.64685 pruned=0   
  control epoch 1/5 215/256 [   73s elapsed,    14s left] loss=0.63383 pruned=0   
  control epoch 1/5 216/256 [   74s elapsed,    14s left] loss=0.62855 pruned=0   
  control epoch 1/5 217/256 [   74s elapsed,    13s left] loss=0.62868 pruned=0   
  control epoch 1/5 218/256 [   74s elapsed,    13s left] loss=0.61755 pruned=0   
  control epoch 1/5 219/256 [   75s elapsed,    13s left] loss=0.63537 pruned=0   
  control epoch 1/5 220/256 [   75s elapsed,    12s left] loss=0.64105 pruned=0   
  control epoch 1/5 221/256 [   75s elapsed,    12s left] loss=0.66134 pruned=0   
  control epoch 1/5 222/256 [   76s elapsed,    12s left] loss=0.62614 pruned=0   
  control epoch 1/5 223/256 [   76s elapsed,    11s left] loss=0.60055 pruned=0   
  control epoch 1/5 224/256 [   76s elapsed,    11s left] loss=0.65595 pruned=0   
  control epoch 1/5 225/256 [   77s elapsed,    11s left] loss=0.65652 pruned=0   
  control epoch 1/5 226/256 [   77s elapsed,    10s left] loss=0.62038 pruned=0   
  control epoch 1/5 227/256 [   78s elapsed,    10s left] loss=0.62880 pruned=0   
  control epoch 1/5 228/256 [   78s elapsed,    10s left] loss=0.63798 pruned=0   
  control epoch 1/5 229/256 [   78s elapsed,     9s left] loss=0.62299 pruned=0   
  control epoch 1/5 230/256 [   79s elapsed,     9s left] loss=0.62218 pruned=0   
  control epoch 1/5 231/256 [   79s elapsed,     9s left] loss=0.63377 pruned=0   
  control epoch 1/5 232/256 [   79s elapsed,     8s left] loss=0.61302 pruned=0   
  control epoch 1/5 233/256 [   80s elapsed,     8s left] loss=0.62683 pruned=0   
  control epoch 1/5 234/256 [   80s elapsed,     8s left] loss=0.62028 pruned=0   
  control epoch 1/5 235/256 [   81s elapsed,     7s left] loss=0.65764 pruned=0   
  control epoch 1/5 236/256 [   81s elapsed,     7s left] loss=0.65964 pruned=0   
  control epoch 1/5 237/256 [   82s elapsed,     7s left] loss=0.59850 pruned=0   
  control epoch 1/5 238/256 [   82s elapsed,     6s left] loss=0.64477 pruned=0   
  control epoch 1/5 239/256 [   82s elapsed,     6s left] loss=0.64131 pruned=0   
  control epoch 1/5 240/256 [   83s elapsed,     6s left] loss=0.63667 pruned=0   
  control epoch 1/5 241/256 [   83s elapsed,     5s left] loss=0.62766 pruned=0   
  control epoch 1/5 242/256 [   84s elapsed,     5s left] loss=0.66075 pruned=0   
  control epoch 1/5 243/256 [   84s elapsed,     4s left] loss=0.63452 pruned=0   
  control epoch 1/5 244/256 [   84s elapsed,     4s left] loss=0.60421 pruned=0   
  control epoch 1/5 245/256 [   85s elapsed,     4s left] loss=0.62970 pruned=0   
  control epoch 1/5 246/256 [   85s elapsed,     3s left] loss=0.62104 pruned=0   
  control epoch 1/5 247/256 [   86s elapsed,     3s left] loss=0.61232 pruned=0   
  control epoch 1/5 248/256 [   86s elapsed,     3s left] loss=0.61777 pruned=0   
  control epoch 1/5 249/256 [   87s elapsed,     2s left] loss=0.64117 pruned=0   
  control epoch 1/5 250/256 [   87s elapsed,     2s left] loss=0.62501 pruned=0   
  control epoch 1/5 251/256 [   87s elapsed,     2s left] loss=0.64234 pruned=0   
  control epoch 1/5 252/256 [   88s elapsed,     1s left] loss=0.63363 pruned=0   
  control epoch 1/5 253/256 [   88s elapsed,     1s left] loss=0.64944 pruned=0   
  control epoch 1/5 254/256 [   88s elapsed,     1s left] loss=0.61137 pruned=0   
  control epoch 1/5 255/256 [   89s elapsed,     0s left] loss=0.64292 pruned=0   
  control epoch 1/5 256/256 [   89s elapsed,     0s left] loss=0.60060 pruned=0   
    epoch 1 mean loss 0.651443
  control epoch 2/5 1/256 [    0s elapsed,    85s left] loss=0.62866 pruned=0   
  control epoch 2/5 2/256 [    1s elapsed,    85s left] loss=0.63172 pruned=0   
  control epoch 2/5 3/256 [    1s elapsed,    87s left] loss=0.63242 pruned=0   
  control epoch 2/5 4/256 [    1s elapsed,    87s left] loss=0.63383 pruned=0   
  control epoch 2/5 5/256 [    2s elapsed,    89s left] loss=0.61725 pruned=0   
  control epoch 2/5 6/256 [    2s elapsed,    92s left] loss=0.63121 pruned=0   
  control epoch 2/5 7/256 [    3s elapsed,    91s left] loss=0.63621 pruned=0   
  control epoch 2/5 8/256 [    3s elapsed,    90s left] loss=0.62268 pruned=0   
  control epoch 2/5 9/256 [    3s elapsed,    89s left] loss=0.61779 pruned=0   
  control epoch 2/5 10/256 [    4s elapsed,    88s left] loss=0.63892 pruned=0   
  control epoch 2/5 11/256 [    4s elapsed,    87s left] loss=0.62752 pruned=0   
  control epoch 2/5 12/256 [    4s elapsed,    86s left] loss=0.61032 pruned=0   
  control epoch 2/5 13/256 [    5s elapsed,    85s left] loss=0.64430 pruned=0   
  control epoch 2/5 14/256 [    5s elapsed,    85s left] loss=0.60149 pruned=0   
  control epoch 2/5 15/256 [    5s elapsed,    84s left] loss=0.60395 pruned=0   
  control epoch 2/5 16/256 [    6s elapsed,    84s left] loss=0.62772 pruned=0   
  control epoch 2/5 17/256 [    6s elapsed,    83s left] loss=0.61606 pruned=0   
  control epoch 2/5 18/256 [    6s elapsed,    83s left] loss=0.61476 pruned=0   
  control epoch 2/5 19/256 [    7s elapsed,    82s left] loss=0.62722 pruned=0   
  control epoch 2/5 20/256 [    7s elapsed,    82s left] loss=0.62133 pruned=0   
  control epoch 2/5 21/256 [    7s elapsed,    82s left] loss=0.64106 pruned=0   
  control epoch 2/5 22/256 [    8s elapsed,    81s left] loss=0.64893 pruned=0   
  control epoch 2/5 23/256 [    8s elapsed,    81s left] loss=0.62256 pruned=0   
  control epoch 2/5 24/256 [    8s elapsed,    81s left] loss=0.63711 pruned=0   
  control epoch 2/5 25/256 [    9s elapsed,    80s left] loss=0.63007 pruned=0   
  control epoch 2/5 26/256 [    9s elapsed,    80s left] loss=0.62025 pruned=0   
  control epoch 2/5 27/256 [    9s elapsed,    79s left] loss=0.61441 pruned=0   
  control epoch 2/5 28/256 [   10s elapsed,    79s left] loss=0.60683 pruned=0   
  control epoch 2/5 29/256 [   10s elapsed,    78s left] loss=0.64095 pruned=0   
  control epoch 2/5 30/256 [   10s elapsed,    78s left] loss=0.60107 pruned=0   
  control epoch 2/5 31/256 [   11s elapsed,    77s left] loss=0.64439 pruned=0   
  control epoch 2/5 32/256 [   11s elapsed,    77s left] loss=0.61890 pruned=0   
  control epoch 2/5 33/256 [   11s elapsed,    77s left] loss=0.60649 pruned=0   
  control epoch 2/5 34/256 [   12s elapsed,    76s left] loss=0.61111 pruned=0   
  control epoch 2/5 35/256 [   12s elapsed,    76s left] loss=0.60310 pruned=0   
  control epoch 2/5 36/256 [   12s elapsed,    76s left] loss=0.61023 pruned=0   
  control epoch 2/5 37/256 [   13s elapsed,    75s left] loss=0.63978 pruned=0   
  control epoch 2/5 38/256 [   13s elapsed,    75s left] loss=0.61648 pruned=0   
  control epoch 2/5 39/256 [   13s elapsed,    74s left] loss=0.59289 pruned=0   
  control epoch 2/5 40/256 [   14s elapsed,    74s left] loss=0.61775 pruned=0   
  control epoch 2/5 41/256 [   14s elapsed,    74s left] loss=0.64620 pruned=0   
  control epoch 2/5 42/256 [   14s elapsed,    73s left] loss=0.59713 pruned=0   
  control epoch 2/5 43/256 [   15s elapsed,    73s left] loss=0.61934 pruned=0   
  control epoch 2/5 44/256 [   15s elapsed,    72s left] loss=0.60199 pruned=0   
  control epoch 2/5 45/256 [   15s elapsed,    72s left] loss=0.62876 pruned=0   
  control epoch 2/5 46/256 [   16s elapsed,    72s left] loss=0.60940 pruned=0   
  control epoch 2/5 47/256 [   16s elapsed,    71s left] loss=0.61432 pruned=0   
  control epoch 2/5 48/256 [   16s elapsed,    71s left] loss=0.63367 pruned=0   
  control epoch 2/5 49/256 [   17s elapsed,    71s left] loss=0.61027 pruned=0   
  control epoch 2/5 50/256 [   17s elapsed,    70s left] loss=0.58468 pruned=0   
  control epoch 2/5 51/256 [   17s elapsed,    70s left] loss=0.62118 pruned=0   
  control epoch 2/5 52/256 [   18s elapsed,    69s left] loss=0.65185 pruned=0   
  control epoch 2/5 53/256 [   18s elapsed,    69s left] loss=0.58719 pruned=0   
  control epoch 2/5 54/256 [   18s elapsed,    69s left] loss=0.62221 pruned=0   
  control epoch 2/5 55/256 [   19s elapsed,    68s left] loss=0.61533 pruned=0   
  control epoch 2/5 56/256 [   19s elapsed,    68s left] loss=0.62141 pruned=0   
  control epoch 2/5 57/256 [   19s elapsed,    68s left] loss=0.63000 pruned=0   
  control epoch 2/5 58/256 [   20s elapsed,    67s left] loss=0.61049 pruned=0   
  control epoch 2/5 59/256 [   20s elapsed,    67s left] loss=0.62249 pruned=0   
  control epoch 2/5 60/256 [   20s elapsed,    67s left] loss=0.63040 pruned=0   
  control epoch 2/5 61/256 [   21s elapsed,    66s left] loss=0.65235 pruned=0   
  control epoch 2/5 62/256 [   21s elapsed,    66s left] loss=0.60787 pruned=0   
  control epoch 2/5 63/256 [   21s elapsed,    66s left] loss=0.62404 pruned=0   
  control epoch 2/5 64/256 [   22s elapsed,    65s left] loss=0.60665 pruned=0   
  control epoch 2/5 65/256 [   22s elapsed,    65s left] loss=0.62133 pruned=0   
  control epoch 2/5 66/256 [   22s elapsed,    65s left] loss=0.60827 pruned=0   
  control epoch 2/5 67/256 [   23s elapsed,    64s left] loss=0.59706 pruned=0   
  control epoch 2/5 68/256 [   23s elapsed,    64s left] loss=0.61003 pruned=0   
  control epoch 2/5 69/256 [   23s elapsed,    63s left] loss=0.62460 pruned=0   
  control epoch 2/5 70/256 [   24s elapsed,    63s left] loss=0.59702 pruned=0   
  control epoch 2/5 71/256 [   24s elapsed,    63s left] loss=0.63294 pruned=0   
  control epoch 2/5 72/256 [   24s elapsed,    62s left] loss=0.63638 pruned=0   
  control epoch 2/5 73/256 [   25s elapsed,    62s left] loss=0.62251 pruned=0   
  control epoch 2/5 74/256 [   25s elapsed,    62s left] loss=0.61410 pruned=0   
  control epoch 2/5 75/256 [   25s elapsed,    61s left] loss=0.59219 pruned=0   
  control epoch 2/5 76/256 [   26s elapsed,    61s left] loss=0.62992 pruned=0   
  control epoch 2/5 77/256 [   26s elapsed,    61s left] loss=0.65124 pruned=0   
  control epoch 2/5 78/256 [   26s elapsed,    60s left] loss=0.59251 pruned=0   
  control epoch 2/5 79/256 [   27s elapsed,    60s left] loss=0.59951 pruned=0   
  control epoch 2/5 80/256 [   27s elapsed,    60s left] loss=0.63718 pruned=0   
  control epoch 2/5 81/256 [   27s elapsed,    59s left] loss=0.60895 pruned=0   
  control epoch 2/5 82/256 [   28s elapsed,    59s left] loss=0.61114 pruned=0   
  control epoch 2/5 83/256 [   28s elapsed,    59s left] loss=0.60901 pruned=0   
  control epoch 2/5 84/256 [   28s elapsed,    58s left] loss=0.59875 pruned=0   
  control epoch 2/5 85/256 [   29s elapsed,    58s left] loss=0.59880 pruned=0   
  control epoch 2/5 86/256 [   29s elapsed,    58s left] loss=0.60760 pruned=0   
  control epoch 2/5 87/256 [   29s elapsed,    57s left] loss=0.60573 pruned=0   
  control epoch 2/5 88/256 [   30s elapsed,    57s left] loss=0.61179 pruned=0   
  control epoch 2/5 89/256 [   30s elapsed,    57s left] loss=0.60553 pruned=0   
  control epoch 2/5 90/256 [   30s elapsed,    56s left] loss=0.61205 pruned=0   
  control epoch 2/5 91/256 [   31s elapsed,    56s left] loss=0.61443 pruned=0   
  control epoch 2/5 92/256 [   31s elapsed,    56s left] loss=0.60715 pruned=0   
  control epoch 2/5 93/256 [   31s elapsed,    55s left] loss=0.61915 pruned=0   
  control epoch 2/5 94/256 [   32s elapsed,    55s left] loss=0.61031 pruned=0   
  control epoch 2/5 95/256 [   32s elapsed,    54s left] loss=0.60580 pruned=0   
  control epoch 2/5 96/256 [   32s elapsed,    54s left] loss=0.63815 pruned=0   
  control epoch 2/5 97/256 [   33s elapsed,    54s left] loss=0.60751 pruned=0   
  control epoch 2/5 98/256 [   33s elapsed,    53s left] loss=0.60421 pruned=0   
  control epoch 2/5 99/256 [   33s elapsed,    53s left] loss=0.60718 pruned=0   
  control epoch 2/5 100/256 [   34s elapsed,    53s left] loss=0.63395 pruned=0   
  control epoch 2/5 101/256 [   34s elapsed,    52s left] loss=0.63038 pruned=0   
  control epoch 2/5 102/256 [   34s elapsed,    52s left] loss=0.62948 pruned=0   
  control epoch 2/5 103/256 [   35s elapsed,    52s left] loss=0.60586 pruned=0   
  control epoch 2/5 104/256 [   35s elapsed,    51s left] loss=0.59763 pruned=0   
  control epoch 2/5 105/256 [   35s elapsed,    51s left] loss=0.59637 pruned=0   
  control epoch 2/5 106/256 [   36s elapsed,    51s left] loss=0.57940 pruned=0   
  control epoch 2/5 107/256 [   36s elapsed,    50s left] loss=0.60911 pruned=0   
  control epoch 2/5 108/256 [   36s elapsed,    50s left] loss=0.61470 pruned=0   
  control epoch 2/5 109/256 [   37s elapsed,    50s left] loss=0.59992 pruned=0   
  control epoch 2/5 110/256 [   37s elapsed,    49s left] loss=0.60685 pruned=0   
  control epoch 2/5 111/256 [   38s elapsed,    49s left] loss=0.60084 pruned=0   
  control epoch 2/5 112/256 [   38s elapsed,    49s left] loss=0.59428 pruned=0   
  control epoch 2/5 113/256 [   38s elapsed,    48s left] loss=0.60758 pruned=0   
  control epoch 2/5 114/256 [   39s elapsed,    48s left] loss=0.59813 pruned=0   
  control epoch 2/5 115/256 [   39s elapsed,    48s left] loss=0.62267 pruned=0   
  control epoch 2/5 116/256 [   39s elapsed,    47s left] loss=0.63204 pruned=0   
  control epoch 2/5 117/256 [   40s elapsed,    47s left] loss=0.61076 pruned=0   
  control epoch 2/5 118/256 [   40s elapsed,    47s left] loss=0.59149 pruned=0   
  control epoch 2/5 119/256 [   40s elapsed,    46s left] loss=0.63266 pruned=0   
  control epoch 2/5 120/256 [   41s elapsed,    46s left] loss=0.61610 pruned=0   
  control epoch 2/5 121/256 [   41s elapsed,    46s left] loss=0.59649 pruned=0   
  control epoch 2/5 122/256 [   41s elapsed,    45s left] loss=0.62529 pruned=0   
  control epoch 2/5 123/256 [   42s elapsed,    45s left] loss=0.59465 pruned=0   
  control epoch 2/5 124/256 [   42s elapsed,    45s left] loss=0.62344 pruned=0   
  control epoch 2/5 125/256 [   42s elapsed,    44s left] loss=0.60152 pruned=0   
  control epoch 2/5 126/256 [   43s elapsed,    44s left] loss=0.59362 pruned=0   
  control epoch 2/5 127/256 [   43s elapsed,    44s left] loss=0.59629 pruned=0   
  control epoch 2/5 128/256 [   43s elapsed,    43s left] loss=0.61604 pruned=0   
  control epoch 2/5 129/256 [   44s elapsed,    43s left] loss=0.56555 pruned=0   
  control epoch 2/5 130/256 [   44s elapsed,    43s left] loss=0.58913 pruned=0   
  control epoch 2/5 131/256 [   44s elapsed,    42s left] loss=0.59727 pruned=0   
  control epoch 2/5 132/256 [   45s elapsed,    42s left] loss=0.60822 pruned=0   
  control epoch 2/5 133/256 [   45s elapsed,    42s left] loss=0.59832 pruned=0   
  control epoch 2/5 134/256 [   45s elapsed,    41s left] loss=0.62705 pruned=0   
  control epoch 2/5 135/256 [   46s elapsed,    41s left] loss=0.61143 pruned=0   
  control epoch 2/5 136/256 [   46s elapsed,    41s left] loss=0.58609 pruned=0   
  control epoch 2/5 137/256 [   46s elapsed,    40s left] loss=0.60920 pruned=0   
  control epoch 2/5 138/256 [   47s elapsed,    40s left] loss=0.60053 pruned=0   
  control epoch 2/5 139/256 [   47s elapsed,    39s left] loss=0.60874 pruned=0   
  control epoch 2/5 140/256 [   47s elapsed,    39s left] loss=0.60768 pruned=0   
  control epoch 2/5 141/256 [   48s elapsed,    39s left] loss=0.58976 pruned=0   
  control epoch 2/5 142/256 [   48s elapsed,    38s left] loss=0.58698 pruned=0   
  control epoch 2/5 143/256 [   48s elapsed,    38s left] loss=0.61031 pruned=0   
  control epoch 2/5 144/256 [   49s elapsed,    38s left] loss=0.61193 pruned=0   
  control epoch 2/5 145/256 [   49s elapsed,    37s left] loss=0.60329 pruned=0   
  control epoch 2/5 146/256 [   49s elapsed,    37s left] loss=0.59805 pruned=0   
  control epoch 2/5 147/256 [   50s elapsed,    37s left] loss=0.58907 pruned=0   
  control epoch 2/5 148/256 [   50s elapsed,    36s left] loss=0.59815 pruned=0   
  control epoch 2/5 149/256 [   50s elapsed,    36s left] loss=0.61540 pruned=0   
  control epoch 2/5 150/256 [   51s elapsed,    36s left] loss=0.60152 pruned=0   
  control epoch 2/5 151/256 [   51s elapsed,    35s left] loss=0.62379 pruned=0   
  control epoch 2/5 152/256 [   51s elapsed,    35s left] loss=0.59251 pruned=0   
  control epoch 2/5 153/256 [   52s elapsed,    35s left] loss=0.63144 pruned=0   
  control epoch 2/5 154/256 [   52s elapsed,    34s left] loss=0.59373 pruned=0   
  control epoch 2/5 155/256 [   52s elapsed,    34s left] loss=0.59626 pruned=0   
  control epoch 2/5 156/256 [   53s elapsed,    34s left] loss=0.59124 pruned=0   
  control epoch 2/5 157/256 [   53s elapsed,    33s left] loss=0.58347 pruned=0   
  control epoch 2/5 158/256 [   53s elapsed,    33s left] loss=0.60159 pruned=0   
  control epoch 2/5 159/256 [   54s elapsed,    33s left] loss=0.62297 pruned=0   
  control epoch 2/5 160/256 [   54s elapsed,    32s left] loss=0.60819 pruned=0   
  control epoch 2/5 161/256 [   54s elapsed,    32s left] loss=0.63020 pruned=0   
  control epoch 2/5 162/256 [   55s elapsed,    32s left] loss=0.61437 pruned=0   
  control epoch 2/5 163/256 [   55s elapsed,    31s left] loss=0.57009 pruned=0   
  control epoch 2/5 164/256 [   55s elapsed,    31s left] loss=0.60466 pruned=0   
  control epoch 2/5 165/256 [   56s elapsed,    31s left] loss=0.61238 pruned=0   
  control epoch 2/5 166/256 [   56s elapsed,    30s left] loss=0.58915 pruned=0   
  control epoch 2/5 167/256 [   56s elapsed,    30s left] loss=0.61540 pruned=0   
  control epoch 2/5 168/256 [   57s elapsed,    30s left] loss=0.59635 pruned=0   
  control epoch 2/5 169/256 [   57s elapsed,    29s left] loss=0.58866 pruned=0   
  control epoch 2/5 170/256 [   57s elapsed,    29s left] loss=0.59675 pruned=0   
  control epoch 2/5 171/256 [   58s elapsed,    29s left] loss=0.62698 pruned=0   
  control epoch 2/5 172/256 [   58s elapsed,    28s left] loss=0.60095 pruned=0   
  control epoch 2/5 173/256 [   58s elapsed,    28s left] loss=0.58732 pruned=0   
  control epoch 2/5 174/256 [   59s elapsed,    28s left] loss=0.59814 pruned=0   
  control epoch 2/5 175/256 [   59s elapsed,    27s left] loss=0.58652 pruned=0   
  control epoch 2/5 176/256 [   59s elapsed,    27s left] loss=0.61476 pruned=0   
  control epoch 2/5 177/256 [   60s elapsed,    27s left] loss=0.63201 pruned=0   
  control epoch 2/5 178/256 [   60s elapsed,    26s left] loss=0.59049 pruned=0   
  control epoch 2/5 179/256 [   60s elapsed,    26s left] loss=0.61770 pruned=0   
  control epoch 2/5 180/256 [   61s elapsed,    26s left] loss=0.57279 pruned=0   
  control epoch 2/5 181/256 [   61s elapsed,    25s left] loss=0.56908 pruned=0   
  control epoch 2/5 182/256 [   61s elapsed,    25s left] loss=0.60272 pruned=0   
  control epoch 2/5 183/256 [   62s elapsed,    25s left] loss=0.59969 pruned=0   
  control epoch 2/5 184/256 [   62s elapsed,    24s left] loss=0.57597 pruned=0   
  control epoch 2/5 185/256 [   62s elapsed,    24s left] loss=0.59183 pruned=0   
  control epoch 2/5 186/256 [   63s elapsed,    24s left] loss=0.59077 pruned=0   
  control epoch 2/5 187/256 [   63s elapsed,    23s left] loss=0.59954 pruned=0   
  control epoch 2/5 188/256 [   63s elapsed,    23s left] loss=0.60545 pruned=0   
  control epoch 2/5 189/256 [   64s elapsed,    23s left] loss=0.59062 pruned=0   
  control epoch 2/5 190/256 [   64s elapsed,    22s left] loss=0.61088 pruned=0   
  control epoch 2/5 191/256 [   64s elapsed,    22s left] loss=0.59044 pruned=0   
  control epoch 2/5 192/256 [   65s elapsed,    22s left] loss=0.59319 pruned=0   
  control epoch 2/5 193/256 [   65s elapsed,    21s left] loss=0.62927 pruned=0   
  control epoch 2/5 194/256 [   65s elapsed,    21s left] loss=0.60703 pruned=0   
  control epoch 2/5 195/256 [   66s elapsed,    21s left] loss=0.62165 pruned=0   
  control epoch 2/5 196/256 [   66s elapsed,    20s left] loss=0.58742 pruned=0   
  control epoch 2/5 197/256 [   66s elapsed,    20s left] loss=0.62053 pruned=0   
  control epoch 2/5 198/256 [   67s elapsed,    20s left] loss=0.59228 pruned=0   
  control epoch 2/5 199/256 [   67s elapsed,    19s left] loss=0.60044 pruned=0   
  control epoch 2/5 200/256 [   67s elapsed,    19s left] loss=0.61215 pruned=0   
  control epoch 2/5 201/256 [   68s elapsed,    19s left] loss=0.58016 pruned=0   
  control epoch 2/5 202/256 [   68s elapsed,    18s left] loss=0.59319 pruned=0   
  control epoch 2/5 203/256 [   68s elapsed,    18s left] loss=0.58352 pruned=0   
  control epoch 2/5 204/256 [   69s elapsed,    18s left] loss=0.57997 pruned=0   
  control epoch 2/5 205/256 [   69s elapsed,    17s left] loss=0.57382 pruned=0   
  control epoch 2/5 206/256 [   69s elapsed,    17s left] loss=0.57620 pruned=0   
  control epoch 2/5 207/256 [   70s elapsed,    17s left] loss=0.56361 pruned=0   
  control epoch 2/5 208/256 [   70s elapsed,    16s left] loss=0.59007 pruned=0   
  control epoch 2/5 209/256 [   70s elapsed,    16s left] loss=0.57620 pruned=0   
  control epoch 2/5 210/256 [   71s elapsed,    16s left] loss=0.59890 pruned=0   
  control epoch 2/5 211/256 [   71s elapsed,    15s left] loss=0.61543 pruned=0   
  control epoch 2/5 212/256 [   71s elapsed,    15s left] loss=0.59930 pruned=0   
  control epoch 2/5 213/256 [   72s elapsed,    14s left] loss=0.60418 pruned=0   
  control epoch 2/5 214/256 [   72s elapsed,    14s left] loss=0.61312 pruned=0   
  control epoch 2/5 215/256 [   72s elapsed,    14s left] loss=0.59540 pruned=0   
  control epoch 2/5 216/256 [   73s elapsed,    13s left] loss=0.62676 pruned=0   
  control epoch 2/5 217/256 [   73s elapsed,    13s left] loss=0.61356 pruned=0   
  control epoch 2/5 218/256 [   73s elapsed,    13s left] loss=0.58265 pruned=0   
  control epoch 2/5 219/256 [   74s elapsed,    12s left] loss=0.60019 pruned=0   
  control epoch 2/5 220/256 [   74s elapsed,    12s left] loss=0.61171 pruned=0   
  control epoch 2/5 221/256 [   74s elapsed,    12s left] loss=0.60318 pruned=0   
  control epoch 2/5 222/256 [   75s elapsed,    11s left] loss=0.60807 pruned=0   
  control epoch 2/5 223/256 [   75s elapsed,    11s left] loss=0.60820 pruned=0   
  control epoch 2/5 224/256 [   75s elapsed,    11s left] loss=0.57844 pruned=0   
  control epoch 2/5 225/256 [   76s elapsed,    10s left] loss=0.59598 pruned=0   
  control epoch 2/5 226/256 [   76s elapsed,    10s left] loss=0.61363 pruned=0   
  control epoch 2/5 227/256 [   76s elapsed,    10s left] loss=0.60422 pruned=0   
  control epoch 2/5 228/256 [   77s elapsed,     9s left] loss=0.58902 pruned=0   
  control epoch 2/5 229/256 [   77s elapsed,     9s left] loss=0.58431 pruned=0   
  control epoch 2/5 230/256 [   77s elapsed,     9s left] loss=0.62767 pruned=0   
  control epoch 2/5 231/256 [   78s elapsed,     8s left] loss=0.56548 pruned=0   
  control epoch 2/5 232/256 [   78s elapsed,     8s left] loss=0.57289 pruned=0   
  control epoch 2/5 233/256 [   79s elapsed,     8s left] loss=0.59471 pruned=0   
  control epoch 2/5 234/256 [   79s elapsed,     7s left] loss=0.62070 pruned=0   
  control epoch 2/5 235/256 [   79s elapsed,     7s left] loss=0.59175 pruned=0   
  control epoch 2/5 236/256 [   80s elapsed,     7s left] loss=0.56883 pruned=0   
  control epoch 2/5 237/256 [   80s elapsed,     6s left] loss=0.57743 pruned=0   
  control epoch 2/5 238/256 [   80s elapsed,     6s left] loss=0.61044 pruned=0   
  control epoch 2/5 239/256 [   81s elapsed,     6s left] loss=0.58256 pruned=0   
  control epoch 2/5 240/256 [   81s elapsed,     5s left] loss=0.57481 pruned=0   
  control epoch 2/5 241/256 [   81s elapsed,     5s left] loss=0.58343 pruned=0   
  control epoch 2/5 242/256 [   82s elapsed,     5s left] loss=0.59955 pruned=0   
  control epoch 2/5 243/256 [   82s elapsed,     4s left] loss=0.61165 pruned=0   
  control epoch 2/5 244/256 [   82s elapsed,     4s left] loss=0.59233 pruned=0   
  control epoch 2/5 245/256 [   83s elapsed,     4s left] loss=0.58078 pruned=0   
  control epoch 2/5 246/256 [   83s elapsed,     3s left] loss=0.60547 pruned=0   
  control epoch 2/5 247/256 [   83s elapsed,     3s left] loss=0.56688 pruned=0   
  control epoch 2/5 248/256 [   84s elapsed,     3s left] loss=0.57846 pruned=0   
  control epoch 2/5 249/256 [   84s elapsed,     2s left] loss=0.57619 pruned=0   
  control epoch 2/5 250/256 [   84s elapsed,     2s left] loss=0.57783 pruned=0   
  control epoch 2/5 251/256 [   85s elapsed,     2s left] loss=0.59541 pruned=0   
  control epoch 2/5 252/256 [   85s elapsed,     1s left] loss=0.58735 pruned=0   
  control epoch 2/5 253/256 [   85s elapsed,     1s left] loss=0.61295 pruned=0   
  control epoch 2/5 254/256 [   86s elapsed,     1s left] loss=0.57232 pruned=0   
  control epoch 2/5 255/256 [   86s elapsed,     0s left] loss=0.57072 pruned=0   
  control epoch 2/5 256/256 [   86s elapsed,     0s left] loss=0.58357 pruned=0   
    epoch 2 mean loss 0.606669
  control epoch 3/5 1/256 [    0s elapsed,    84s left] loss=0.59577 pruned=0   
  control epoch 3/5 2/256 [    1s elapsed,    84s left] loss=0.58457 pruned=0   
  control epoch 3/5 3/256 [    1s elapsed,    84s left] loss=0.56657 pruned=0   
  control epoch 3/5 4/256 [    1s elapsed,    84s left] loss=0.57802 pruned=0   
  control epoch 3/5 5/256 [    2s elapsed,    83s left] loss=0.58846 pruned=0   
  control epoch 3/5 6/256 [    2s elapsed,    83s left] loss=0.58401 pruned=0   
  control epoch 3/5 7/256 [    2s elapsed,    83s left] loss=0.58622 pruned=0   
  control epoch 3/5 8/256 [    3s elapsed,    82s left] loss=0.57060 pruned=0   
  control epoch 3/5 9/256 [    3s elapsed,    82s left] loss=0.57274 pruned=0   
  control epoch 3/5 10/256 [    3s elapsed,    82s left] loss=0.58752 pruned=0   
  control epoch 3/5 11/256 [    4s elapsed,    81s left] loss=0.59615 pruned=0   
  control epoch 3/5 12/256 [    4s elapsed,    81s left] loss=0.58128 pruned=0   
  control epoch 3/5 13/256 [    4s elapsed,    81s left] loss=0.59396 pruned=0   
  control epoch 3/5 14/256 [    5s elapsed,    80s left] loss=0.61178 pruned=0   
  control epoch 3/5 15/256 [    5s elapsed,    80s left] loss=0.59570 pruned=0   
  control epoch 3/5 16/256 [    5s elapsed,    80s left] loss=0.60141 pruned=0   
  control epoch 3/5 17/256 [    6s elapsed,    81s left] loss=0.57545 pruned=0   
  control epoch 3/5 18/256 [    6s elapsed,    81s left] loss=0.61403 pruned=0   
  control epoch 3/5 19/256 [    6s elapsed,    81s left] loss=0.62084 pruned=0   
  control epoch 3/5 20/256 [    7s elapsed,    81s left] loss=0.58938 pruned=0   
  control epoch 3/5 21/256 [    7s elapsed,    81s left] loss=0.58422 pruned=0   
  control epoch 3/5 22/256 [    8s elapsed,    80s left] loss=0.59346 pruned=0   
  control epoch 3/5 23/256 [    8s elapsed,    80s left] loss=0.58960 pruned=0   
  control epoch 3/5 24/256 [    8s elapsed,    80s left] loss=0.59378 pruned=0   
  control epoch 3/5 25/256 [    9s elapsed,    79s left] loss=0.58259 pruned=0   
  control epoch 3/5 26/256 [    9s elapsed,    79s left] loss=0.58596 pruned=0   
  control epoch 3/5 27/256 [    9s elapsed,    78s left] loss=0.59294 pruned=0   
  control epoch 3/5 28/256 [   10s elapsed,    79s left] loss=0.56566 pruned=0   
  control epoch 3/5 29/256 [   10s elapsed,    78s left] loss=0.56722 pruned=0   
  control epoch 3/5 30/256 [   10s elapsed,    78s left] loss=0.60797 pruned=0   
  control epoch 3/5 31/256 [   11s elapsed,    78s left] loss=0.57751 pruned=0   
  control epoch 3/5 32/256 [   11s elapsed,    78s left] loss=0.57810 pruned=0   
  control epoch 3/5 33/256 [   11s elapsed,    77s left] loss=0.59626 pruned=0   
  control epoch 3/5 34/256 [   12s elapsed,    77s left] loss=0.58675 pruned=0   
  control epoch 3/5 35/256 [   12s elapsed,    76s left] loss=0.58188 pruned=0   
  control epoch 3/5 36/256 [   12s elapsed,    76s left] loss=0.57748 pruned=0   
  control epoch 3/5 37/256 [   13s elapsed,    76s left] loss=0.58958 pruned=0   
  control epoch 3/5 38/256 [   13s elapsed,    75s left] loss=0.57737 pruned=0   
  control epoch 3/5 39/256 [   13s elapsed,    75s left] loss=0.60034 pruned=0   
  control epoch 3/5 40/256 [   14s elapsed,    75s left] loss=0.57089 pruned=0   
  control epoch 3/5 41/256 [   14s elapsed,    74s left] loss=0.56176 pruned=0   
  control epoch 3/5 42/256 [   15s elapsed,    74s left] loss=0.53391 pruned=0   
  control epoch 3/5 43/256 [   15s elapsed,    74s left] loss=0.55779 pruned=0   
  control epoch 3/5 44/256 [   15s elapsed,    73s left] loss=0.58840 pruned=0   
  control epoch 3/5 45/256 [   16s elapsed,    73s left] loss=0.57066 pruned=0   
  control epoch 3/5 46/256 [   16s elapsed,    73s left] loss=0.58337 pruned=0   
  control epoch 3/5 47/256 [   16s elapsed,    72s left] loss=0.60299 pruned=0   
  control epoch 3/5 48/256 [   17s elapsed,    72s left] loss=0.55781 pruned=0   
  control epoch 3/5 49/256 [   17s elapsed,    71s left] loss=0.59868 pruned=0   
  control epoch 3/5 50/256 [   17s elapsed,    71s left] loss=0.56271 pruned=0   
  control epoch 3/5 51/256 [   18s elapsed,    71s left] loss=0.58858 pruned=0   
  control epoch 3/5 52/256 [   18s elapsed,    70s left] loss=0.59208 pruned=0   
  control epoch 3/5 53/256 [   18s elapsed,    70s left] loss=0.58472 pruned=0   
  control epoch 3/5 54/256 [   19s elapsed,    69s left] loss=0.57002 pruned=0   
  control epoch 3/5 55/256 [   19s elapsed,    69s left] loss=0.58315 pruned=0   
  control epoch 3/5 56/256 [   19s elapsed,    69s left] loss=0.57258 pruned=0   
  control epoch 3/5 57/256 [   20s elapsed,    68s left] loss=0.57476 pruned=0   
  control epoch 3/5 58/256 [   20s elapsed,    68s left] loss=0.59107 pruned=0   
  control epoch 3/5 59/256 [   20s elapsed,    68s left] loss=0.56401 pruned=0   
  control epoch 3/5 60/256 [   21s elapsed,    67s left] loss=0.55688 pruned=0   
  control epoch 3/5 61/256 [   21s elapsed,    67s left] loss=0.59118 pruned=0   
  control epoch 3/5 62/256 [   21s elapsed,    66s left] loss=0.58838 pruned=0   
  control epoch 3/5 63/256 [   22s elapsed,    66s left] loss=0.56008 pruned=0   
  control epoch 3/5 64/256 [   22s elapsed,    66s left] loss=0.55212 pruned=0   
  control epoch 3/5 65/256 [   22s elapsed,    65s left] loss=0.57299 pruned=0   
  control epoch 3/5 66/256 [   23s elapsed,    65s left] loss=0.56146 pruned=0   
  control epoch 3/5 67/256 [   23s elapsed,    65s left] loss=0.56995 pruned=0   
  control epoch 3/5 68/256 [   23s elapsed,    64s left] loss=0.54644 pruned=0   
  control epoch 3/5 69/256 [   24s elapsed,    64s left] loss=0.57203 pruned=0   
  control epoch 3/5 70/256 [   24s elapsed,    64s left] loss=0.58791 pruned=0   
  control epoch 3/5 71/256 [   24s elapsed,    63s left] loss=0.57643 pruned=0   
  control epoch 3/5 72/256 [   25s elapsed,    63s left] loss=0.57101 pruned=0   
  control epoch 3/5 73/256 [   25s elapsed,    62s left] loss=0.56442 pruned=0   
  control epoch 3/5 74/256 [   25s elapsed,    62s left] loss=0.60018 pruned=0   
  control epoch 3/5 75/256 [   26s elapsed,    62s left] loss=0.57029 pruned=0   
  control epoch 3/5 76/256 [   26s elapsed,    61s left] loss=0.59308 pruned=0   
  control epoch 3/5 77/256 [   26s elapsed,    61s left] loss=0.58228 pruned=0   
  control epoch 3/5 78/256 [   27s elapsed,    61s left] loss=0.56109 pruned=0   
  control epoch 3/5 79/256 [   27s elapsed,    60s left] loss=0.58401 pruned=0   
  control epoch 3/5 80/256 [   27s elapsed,    60s left] loss=0.57686 pruned=0   
  control epoch 3/5 81/256 [   28s elapsed,    60s left] loss=0.56633 pruned=0   
  control epoch 3/5 82/256 [   28s elapsed,    59s left] loss=0.57706 pruned=0   
  control epoch 3/5 83/256 [   28s elapsed,    59s left] loss=0.59559 pruned=0   
  control epoch 3/5 84/256 [   29s elapsed,    59s left] loss=0.57578 pruned=0   
  control epoch 3/5 85/256 [   29s elapsed,    58s left] loss=0.57200 pruned=0   
  control epoch 3/5 86/256 [   29s elapsed,    58s left] loss=0.56364 pruned=0   
  control epoch 3/5 87/256 [   30s elapsed,    58s left] loss=0.59511 pruned=0   
  control epoch 3/5 88/256 [   30s elapsed,    57s left] loss=0.54273 pruned=0   
  control epoch 3/5 89/256 [   30s elapsed,    57s left] loss=0.55256 pruned=0   
  control epoch 3/5 90/256 [   31s elapsed,    56s left] loss=0.58293 pruned=0   
  control epoch 3/5 91/256 [   31s elapsed,    56s left] loss=0.57227 pruned=0   
  control epoch 3/5 92/256 [   31s elapsed,    56s left] loss=0.58031 pruned=0   
  control epoch 3/5 93/256 [   32s elapsed,    55s left] loss=0.58065 pruned=0   
  control epoch 3/5 94/256 [   32s elapsed,    55s left] loss=0.59246 pruned=0   
  control epoch 3/5 95/256 [   32s elapsed,    55s left] loss=0.55319 pruned=0   
  control epoch 3/5 96/256 [   33s elapsed,    54s left] loss=0.58296 pruned=0   
  control epoch 3/5 97/256 [   33s elapsed,    54s left] loss=0.56361 pruned=0   
  control epoch 3/5 98/256 [   33s elapsed,    54s left] loss=0.55252 pruned=0   
  control epoch 3/5 99/256 [   34s elapsed,    53s left] loss=0.56150 pruned=0   
  control epoch 3/5 100/256 [   34s elapsed,    53s left] loss=0.57687 pruned=0   
  control epoch 3/5 101/256 [   34s elapsed,    53s left] loss=0.57056 pruned=0   
  control epoch 3/5 102/256 [   35s elapsed,    52s left] loss=0.59992 pruned=0   
  control epoch 3/5 103/256 [   35s elapsed,    52s left] loss=0.56335 pruned=0   
  control epoch 3/5 104/256 [   35s elapsed,    52s left] loss=0.56453 pruned=0   
  control epoch 3/5 105/256 [   36s elapsed,    51s left] loss=0.57103 pruned=0   
  control epoch 3/5 106/256 [   36s elapsed,    51s left] loss=0.55087 pruned=0   
  control epoch 3/5 107/256 [   36s elapsed,    51s left] loss=0.57369 pruned=0   
  control epoch 3/5 108/256 [   37s elapsed,    50s left] loss=0.58260 pruned=0   
  control epoch 3/5 109/256 [   37s elapsed,    50s left] loss=0.56448 pruned=0   
  control epoch 3/5 110/256 [   37s elapsed,    50s left] loss=0.56741 pruned=0   
  control epoch 3/5 111/256 [   38s elapsed,    49s left] loss=0.55513 pruned=0   
  control epoch 3/5 112/256 [   38s elapsed,    49s left] loss=0.59047 pruned=0   
  control epoch 3/5 113/256 [   38s elapsed,    49s left] loss=0.55169 pruned=0   
  control epoch 3/5 114/256 [   39s elapsed,    48s left] loss=0.58669 pruned=0   
  control epoch 3/5 115/256 [   39s elapsed,    48s left] loss=0.56472 pruned=0   
  control epoch 3/5 116/256 [   39s elapsed,    47s left] loss=0.59416 pruned=0   
  control epoch 3/5 117/256 [   40s elapsed,    47s left] loss=0.57152 pruned=0   
  control epoch 3/5 118/256 [   40s elapsed,    47s left] loss=0.57010 pruned=0   
  control epoch 3/5 119/256 [   40s elapsed,    46s left] loss=0.57404 pruned=0   
  control epoch 3/5 120/256 [   41s elapsed,    46s left] loss=0.57180 pruned=0   
  control epoch 3/5 121/256 [   41s elapsed,    46s left] loss=0.56778 pruned=0   
  control epoch 3/5 122/256 [   41s elapsed,    45s left] loss=0.58166 pruned=0   
  control epoch 3/5 123/256 [   42s elapsed,    45s left] loss=0.57189 pruned=0   
  control epoch 3/5 124/256 [   42s elapsed,    45s left] loss=0.57025 pruned=0   
  control epoch 3/5 125/256 [   42s elapsed,    44s left] loss=0.55175 pruned=0   
  control epoch 3/5 126/256 [   43s elapsed,    44s left] loss=0.55568 pruned=0   
  control epoch 3/5 127/256 [   43s elapsed,    44s left] loss=0.56908 pruned=0   
  control epoch 3/5 128/256 [   43s elapsed,    43s left] loss=0.56922 pruned=0   
  control epoch 3/5 129/256 [   44s elapsed,    43s left] loss=0.55460 pruned=0   
  control epoch 3/5 130/256 [   44s elapsed,    43s left] loss=0.55401 pruned=0   
  control epoch 3/5 131/256 [   45s elapsed,    42s left] loss=0.58353 pruned=0   
  control epoch 3/5 132/256 [   45s elapsed,    42s left] loss=0.54793 pruned=0   
  control epoch 3/5 133/256 [   45s elapsed,    42s left] loss=0.58705 pruned=0   
  control epoch 3/5 134/256 [   46s elapsed,    42s left] loss=0.55856 pruned=0   
  control epoch 3/5 135/256 [   46s elapsed,    41s left] loss=0.57536 pruned=0   
  control epoch 3/5 136/256 [   46s elapsed,    41s left] loss=0.57921 pruned=0   
  control epoch 3/5 137/256 [   47s elapsed,    41s left] loss=0.56083 pruned=0   
  control epoch 3/5 138/256 [   47s elapsed,    40s left] loss=0.57821 pruned=0   
  control epoch 3/5 139/256 [   47s elapsed,    40s left] loss=0.55344 pruned=0   
  control epoch 3/5 140/256 [   48s elapsed,    40s left] loss=0.56068 pruned=0   
  control epoch 3/5 141/256 [   48s elapsed,    39s left] loss=0.57699 pruned=0   
  control epoch 3/5 142/256 [   49s elapsed,    39s left] loss=0.57896 pruned=0   
  control epoch 3/5 143/256 [   49s elapsed,    39s left] loss=0.56280 pruned=0   
  control epoch 3/5 144/256 [   49s elapsed,    38s left] loss=0.56262 pruned=0   
  control epoch 3/5 145/256 [   50s elapsed,    38s left] loss=0.54593 pruned=0   
  control epoch 3/5 146/256 [   50s elapsed,    38s left] loss=0.58355 pruned=0   
  control epoch 3/5 147/256 [   50s elapsed,    37s left] loss=0.56475 pruned=0   
  control epoch 3/5 148/256 [   51s elapsed,    37s left] loss=0.57357 pruned=0   
  control epoch 3/5 149/256 [   51s elapsed,    37s left] loss=0.55771 pruned=0   
  control epoch 3/5 150/256 [   51s elapsed,    36s left] loss=0.56275 pruned=0   
  control epoch 3/5 151/256 [   52s elapsed,    36s left] loss=0.59165 pruned=0   
  control epoch 3/5 152/256 [   52s elapsed,    36s left] loss=0.55611 pruned=0   
  control epoch 3/5 153/256 [   52s elapsed,    35s left] loss=0.56327 pruned=0   
  control epoch 3/5 154/256 [   53s elapsed,    35s left] loss=0.58351 pruned=0   
  control epoch 3/5 155/256 [   53s elapsed,    35s left] loss=0.57680 pruned=0   
  control epoch 3/5 156/256 [   54s elapsed,    34s left] loss=0.56612 pruned=0   
  control epoch 3/5 157/256 [   54s elapsed,    34s left] loss=0.57479 pruned=0   
  control epoch 3/5 158/256 [   54s elapsed,    34s left] loss=0.57058 pruned=0   
  control epoch 3/5 159/256 [   55s elapsed,    33s left] loss=0.55158 pruned=0   
  control epoch 3/5 160/256 [   55s elapsed,    33s left] loss=0.56018 pruned=0   
  control epoch 3/5 161/256 [   55s elapsed,    33s left] loss=0.56042 pruned=0   
  control epoch 3/5 162/256 [   56s elapsed,    32s left] loss=0.56629 pruned=0   
  control epoch 3/5 163/256 [   56s elapsed,    32s left] loss=0.58244 pruned=0   
  control epoch 3/5 164/256 [   57s elapsed,    32s left] loss=0.55969 pruned=0   
  control epoch 3/5 165/256 [   57s elapsed,    31s left] loss=0.56016 pruned=0   
  control epoch 3/5 166/256 [   57s elapsed,    31s left] loss=0.53644 pruned=0   
  control epoch 3/5 167/256 [   58s elapsed,    31s left] loss=0.56472 pruned=0   
  control epoch 3/5 168/256 [   58s elapsed,    31s left] loss=0.55855 pruned=0   
  control epoch 3/5 169/256 [   59s elapsed,    30s left] loss=0.55078 pruned=0   
  control epoch 3/5 170/256 [   59s elapsed,    30s left] loss=0.58219 pruned=0   
  control epoch 3/5 171/256 [   59s elapsed,    29s left] loss=0.56393 pruned=0   
  control epoch 3/5 172/256 [   60s elapsed,    29s left] loss=0.55720 pruned=0   
  control epoch 3/5 173/256 [   60s elapsed,    29s left] loss=0.57664 pruned=0   
  control epoch 3/5 174/256 [   60s elapsed,    28s left] loss=0.56420 pruned=0   
  control epoch 3/5 175/256 [   61s elapsed,    28s left] loss=0.56249 pruned=0   
  control epoch 3/5 176/256 [   61s elapsed,    28s left] loss=0.55296 pruned=0   
  control epoch 3/5 177/256 [   61s elapsed,    27s left] loss=0.55771 pruned=0   
  control epoch 3/5 178/256 [   62s elapsed,    27s left] loss=0.55071 pruned=0   
  control epoch 3/5 179/256 [   62s elapsed,    27s left] loss=0.54776 pruned=0   
  control epoch 3/5 180/256 [   63s elapsed,    26s left] loss=0.56031 pruned=0   
  control epoch 3/5 181/256 [   63s elapsed,    26s left] loss=0.55415 pruned=0   
  control epoch 3/5 182/256 [   63s elapsed,    26s left] loss=0.56263 pruned=0   
  control epoch 3/5 183/256 [   64s elapsed,    25s left] loss=0.55002 pruned=0   
  control epoch 3/5 184/256 [   64s elapsed,    25s left] loss=0.57539 pruned=0   
  control epoch 3/5 185/256 [   64s elapsed,    25s left] loss=0.57895 pruned=0   
  control epoch 3/5 186/256 [   65s elapsed,    24s left] loss=0.56236 pruned=0   
  control epoch 3/5 187/256 [   65s elapsed,    24s left] loss=0.55286 pruned=0   
  control epoch 3/5 188/256 [   65s elapsed,    24s left] loss=0.56440 pruned=0   
  control epoch 3/5 189/256 [   66s elapsed,    23s left] loss=0.55832 pruned=0   
  control epoch 3/5 190/256 [   66s elapsed,    23s left] loss=0.57012 pruned=0   
  control epoch 3/5 191/256 [   67s elapsed,    23s left] loss=0.56081 pruned=0   
  control epoch 3/5 192/256 [   67s elapsed,    22s left] loss=0.55069 pruned=0   
  control epoch 3/5 193/256 [   67s elapsed,    22s left] loss=0.56404 pruned=0   
  control epoch 3/5 194/256 [   68s elapsed,    22s left] loss=0.55511 pruned=0   
  control epoch 3/5 195/256 [   68s elapsed,    21s left] loss=0.55656 pruned=0   
  control epoch 3/5 196/256 [   68s elapsed,    21s left] loss=0.59054 pruned=0   
  control epoch 3/5 197/256 [   69s elapsed,    21s left] loss=0.55148 pruned=0   
  control epoch 3/5 198/256 [   69s elapsed,    20s left] loss=0.57676 pruned=0   
  control epoch 3/5 199/256 [   69s elapsed,    20s left] loss=0.56555 pruned=0   
  control epoch 3/5 200/256 [   70s elapsed,    20s left] loss=0.54259 pruned=0   
  control epoch 3/5 201/256 [   70s elapsed,    19s left] loss=0.57021 pruned=0   
  control epoch 3/5 202/256 [   71s elapsed,    19s left] loss=0.56996 pruned=0   
  control epoch 3/5 203/256 [   71s elapsed,    19s left] loss=0.56144 pruned=0   
  control epoch 3/5 204/256 [   71s elapsed,    18s left] loss=0.56065 pruned=0   
  control epoch 3/5 205/256 [   72s elapsed,    18s left] loss=0.52435 pruned=0   
  control epoch 3/5 206/256 [   72s elapsed,    17s left] loss=0.55405 pruned=0   
  control epoch 3/5 207/256 [   72s elapsed,    17s left] loss=0.56844 pruned=0   
  control epoch 3/5 208/256 [   73s elapsed,    17s left] loss=0.56794 pruned=0   
  control epoch 3/5 209/256 [   73s elapsed,    16s left] loss=0.55890 pruned=0   
  control epoch 3/5 210/256 [   73s elapsed,    16s left] loss=0.56519 pruned=0   
  control epoch 3/5 211/256 [   74s elapsed,    16s left] loss=0.53869 pruned=0   
  control epoch 3/5 212/256 [   74s elapsed,    15s left] loss=0.57477 pruned=0   
  control epoch 3/5 213/256 [   74s elapsed,    15s left] loss=0.54295 pruned=0   
  control epoch 3/5 214/256 [   75s elapsed,    15s left] loss=0.57554 pruned=0   
  control epoch 3/5 215/256 [   75s elapsed,    14s left] loss=0.54247 pruned=0   
  control epoch 3/5 216/256 [   76s elapsed,    14s left] loss=0.54784 pruned=0   
  control epoch 3/5 217/256 [   76s elapsed,    14s left] loss=0.55308 pruned=0   
  control epoch 3/5 218/256 [   76s elapsed,    13s left] loss=0.55513 pruned=0   
  control epoch 3/5 219/256 [   77s elapsed,    13s left] loss=0.55432 pruned=0   
  control epoch 3/5 220/256 [   77s elapsed,    13s left] loss=0.55134 pruned=0   
  control epoch 3/5 221/256 [   77s elapsed,    12s left] loss=0.57490 pruned=0   
  control epoch 3/5 222/256 [   78s elapsed,    12s left] loss=0.55189 pruned=0   
  control epoch 3/5 223/256 [   78s elapsed,    12s left] loss=0.54194 pruned=0   
  control epoch 3/5 224/256 [   78s elapsed,    11s left] loss=0.55455 pruned=0   
  control epoch 3/5 225/256 [   79s elapsed,    11s left] loss=0.54373 pruned=0   
  control epoch 3/5 226/256 [   79s elapsed,    11s left] loss=0.54433 pruned=0   
  control epoch 3/5 227/256 [   79s elapsed,    10s left] loss=0.54684 pruned=0   
  control epoch 3/5 228/256 [   80s elapsed,    10s left] loss=0.56212 pruned=0   
  control epoch 3/5 229/256 [   80s elapsed,     9s left] loss=0.54366 pruned=0   
  control epoch 3/5 230/256 [   80s elapsed,     9s left] loss=0.55477 pruned=0   
  control epoch 3/5 231/256 [   81s elapsed,     9s left] loss=0.58269 pruned=0   
  control epoch 3/5 232/256 [   81s elapsed,     8s left] loss=0.54664 pruned=0   
  control epoch 3/5 233/256 [   81s elapsed,     8s left] loss=0.56355 pruned=0   
  control epoch 3/5 234/256 [   82s elapsed,     8s left] loss=0.55196 pruned=0   
  control epoch 3/5 235/256 [   82s elapsed,     7s left] loss=0.55389 pruned=0   
  control epoch 3/5 236/256 [   82s elapsed,     7s left] loss=0.55234 pruned=0   
  control epoch 3/5 237/256 [   83s elapsed,     7s left] loss=0.53274 pruned=0   
  control epoch 3/5 238/256 [   83s elapsed,     6s left] loss=0.55479 pruned=0   
  control epoch 3/5 239/256 [   83s elapsed,     6s left] loss=0.57437 pruned=0   
  control epoch 3/5 240/256 [   84s elapsed,     6s left] loss=0.56629 pruned=0   
  control epoch 3/5 241/256 [   84s elapsed,     5s left] loss=0.55870 pruned=0   
  control epoch 3/5 242/256 [   84s elapsed,     5s left] loss=0.54998 pruned=0   
  control epoch 3/5 243/256 [   85s elapsed,     5s left] loss=0.56392 pruned=0   
  control epoch 3/5 244/256 [   85s elapsed,     4s left] loss=0.55684 pruned=0   
  control epoch 3/5 245/256 [   85s elapsed,     4s left] loss=0.54801 pruned=0   
  control epoch 3/5 246/256 [   86s elapsed,     3s left] loss=0.55273 pruned=0   
  control epoch 3/5 247/256 [   86s elapsed,     3s left] loss=0.51267 pruned=0   
  control epoch 3/5 248/256 [   86s elapsed,     3s left] loss=0.54618 pruned=0   
  control epoch 3/5 249/256 [   87s elapsed,     2s left] loss=0.54914 pruned=0   
  control epoch 3/5 250/256 [   87s elapsed,     2s left] loss=0.54832 pruned=0   
  control epoch 3/5 251/256 [   87s elapsed,     2s left] loss=0.55520 pruned=0   
  control epoch 3/5 252/256 [   88s elapsed,     1s left] loss=0.54712 pruned=0   
  control epoch 3/5 253/256 [   88s elapsed,     1s left] loss=0.55158 pruned=0   
  control epoch 3/5 254/256 [   88s elapsed,     1s left] loss=0.54161 pruned=0   
  control epoch 3/5 255/256 [   89s elapsed,     0s left] loss=0.53514 pruned=0   
  control epoch 3/5 256/256 [   89s elapsed,     0s left] loss=0.55413 pruned=0   
    epoch 3 mean loss 0.568404
  control epoch 4/5 1/256 [    0s elapsed,    84s left] loss=0.55391 pruned=0   
  control epoch 4/5 2/256 [    1s elapsed,    84s left] loss=0.54324 pruned=0   
  control epoch 4/5 3/256 [    1s elapsed,    84s left] loss=0.54679 pruned=0   
  control epoch 4/5 4/256 [    1s elapsed,    83s left] loss=0.57577 pruned=0   
  control epoch 4/5 5/256 [    2s elapsed,    83s left] loss=0.54829 pruned=0   
  control epoch 4/5 6/256 [    2s elapsed,    83s left] loss=0.54770 pruned=0   
  control epoch 4/5 7/256 [    2s elapsed,    82s left] loss=0.53880 pruned=0   
  control epoch 4/5 8/256 [    3s elapsed,    82s left] loss=0.55547 pruned=0   
  control epoch 4/5 9/256 [    3s elapsed,    82s left] loss=0.53517 pruned=0   
  control epoch 4/5 10/256 [    3s elapsed,    83s left] loss=0.55427 pruned=0   
  control epoch 4/5 11/256 [    4s elapsed,    84s left] loss=0.53675 pruned=0   
  control epoch 4/5 12/256 [    4s elapsed,    83s left] loss=0.52698 pruned=0   
  control epoch 4/5 13/256 [    4s elapsed,    84s left] loss=0.56130 pruned=0   
  control epoch 4/5 14/256 [    5s elapsed,    83s left] loss=0.52965 pruned=0   
  control epoch 4/5 15/256 [    5s elapsed,    83s left] loss=0.57596 pruned=0   
  control epoch 4/5 16/256 [    6s elapsed,    83s left] loss=0.57594 pruned=0   
  control epoch 4/5 17/256 [    6s elapsed,    82s left] loss=0.55874 pruned=0   
  control epoch 4/5 18/256 [    6s elapsed,    82s left] loss=0.55426 pruned=0   
  control epoch 4/5 19/256 [    7s elapsed,    82s left] loss=0.55664 pruned=0   
  control epoch 4/5 20/256 [    7s elapsed,    82s left] loss=0.53914 pruned=0   
  control epoch 4/5 21/256 [    7s elapsed,    81s left] loss=0.53949 pruned=0   
  control epoch 4/5 22/256 [    8s elapsed,    81s left] loss=0.53291 pruned=0   
  control epoch 4/5 23/256 [    8s elapsed,    81s left] loss=0.55446 pruned=0   
  control epoch 4/5 24/256 [    8s elapsed,    80s left] loss=0.54613 pruned=0   
  control epoch 4/5 25/256 [    9s elapsed,    80s left] loss=0.54582 pruned=0   
  control epoch 4/5 26/256 [    9s elapsed,    80s left] loss=0.51211 pruned=0   
  control epoch 4/5 27/256 [    9s elapsed,    79s left] loss=0.54197 pruned=0   
  control epoch 4/5 28/256 [   10s elapsed,    79s left] loss=0.52348 pruned=0   
  control epoch 4/5 29/256 [   10s elapsed,    78s left] loss=0.55520 pruned=0   
  control epoch 4/5 30/256 [   10s elapsed,    78s left] loss=0.52369 pruned=0   
  control epoch 4/5 31/256 [   11s elapsed,    78s left] loss=0.55412 pruned=0   
  control epoch 4/5 32/256 [   11s elapsed,    77s left] loss=0.54847 pruned=0   
  control epoch 4/5 33/256 [   11s elapsed,    77s left] loss=0.55590 pruned=0   
  control epoch 4/5 34/256 [   12s elapsed,    76s left] loss=0.55611 pruned=0   
  control epoch 4/5 35/256 [   12s elapsed,    76s left] loss=0.51981 pruned=0   
  control epoch 4/5 36/256 [   12s elapsed,    76s left] loss=0.54738 pruned=0   
  control epoch 4/5 37/256 [   13s elapsed,    75s left] loss=0.54519 pruned=0   
  control epoch 4/5 38/256 [   13s elapsed,    75s left] loss=0.55464 pruned=0   
  control epoch 4/5 39/256 [   13s elapsed,    74s left] loss=0.54479 pruned=0   
  control epoch 4/5 40/256 [   14s elapsed,    74s left] loss=0.55488 pruned=0   
  control epoch 4/5 41/256 [   14s elapsed,    74s left] loss=0.54129 pruned=0   
  control epoch 4/5 42/256 [   14s elapsed,    73s left] loss=0.55317 pruned=0   
  control epoch 4/5 43/256 [   15s elapsed,    73s left] loss=0.52679 pruned=0   
  control epoch 4/5 44/256 [   15s elapsed,    72s left] loss=0.55151 pruned=0   
  control epoch 4/5 45/256 [   15s elapsed,    72s left] loss=0.53003 pruned=0   
  control epoch 4/5 46/256 [   16s elapsed,    72s left] loss=0.55004 pruned=0   
  control epoch 4/5 47/256 [   16s elapsed,    71s left] loss=0.56296 pruned=0   
  control epoch 4/5 48/256 [   16s elapsed,    71s left] loss=0.51385 pruned=0   
  control epoch 4/5 49/256 [   17s elapsed,    71s left] loss=0.55176 pruned=0   
  control epoch 4/5 50/256 [   17s elapsed,    70s left] loss=0.52341 pruned=0   
  control epoch 4/5 51/256 [   17s elapsed,    70s left] loss=0.54277 pruned=0   
  control epoch 4/5 52/256 [   18s elapsed,    70s left] loss=0.55786 pruned=0   
  control epoch 4/5 53/256 [   18s elapsed,    69s left] loss=0.53313 pruned=0   
  control epoch 4/5 54/256 [   18s elapsed,    69s left] loss=0.53872 pruned=0   
  control epoch 4/5 55/256 [   19s elapsed,    68s left] loss=0.53406 pruned=0   
  control epoch 4/5 56/256 [   19s elapsed,    68s left] loss=0.56088 pruned=0   
  control epoch 4/5 57/256 [   19s elapsed,    68s left] loss=0.53892 pruned=0   
  control epoch 4/5 58/256 [   20s elapsed,    67s left] loss=0.53554 pruned=0   
  control epoch 4/5 59/256 [   20s elapsed,    67s left] loss=0.53470 pruned=0   
  control epoch 4/5 60/256 [   20s elapsed,    67s left] loss=0.53515 pruned=0   
  control epoch 4/5 61/256 [   21s elapsed,    66s left] loss=0.53676 pruned=0   
  control epoch 4/5 62/256 [   21s elapsed,    66s left] loss=0.52542 pruned=0   
  control epoch 4/5 63/256 [   21s elapsed,    66s left] loss=0.54829 pruned=0   
  control epoch 4/5 64/256 [   22s elapsed,    65s left] loss=0.54827 pruned=0   
  control epoch 4/5 65/256 [   22s elapsed,    65s left] loss=0.53399 pruned=0   
  control epoch 4/5 66/256 [   22s elapsed,    65s left] loss=0.56674 pruned=0   
  control epoch 4/5 67/256 [   23s elapsed,    64s left] loss=0.53155 pruned=0   
  control epoch 4/5 68/256 [   23s elapsed,    64s left] loss=0.54035 pruned=0   
  control epoch 4/5 69/256 [   23s elapsed,    63s left] loss=0.52789 pruned=0   
  control epoch 4/5 70/256 [   24s elapsed,    63s left] loss=0.54186 pruned=0   
  control epoch 4/5 71/256 [   24s elapsed,    63s left] loss=0.53075 pruned=0   
  control epoch 4/5 72/256 [   24s elapsed,    62s left] loss=0.53777 pruned=0   
  control epoch 4/5 73/256 [   25s elapsed,    62s left] loss=0.55063 pruned=0   
  control epoch 4/5 74/256 [   25s elapsed,    62s left] loss=0.54159 pruned=0   
  control epoch 4/5 75/256 [   25s elapsed,    61s left] loss=0.54755 pruned=0   
  control epoch 4/5 76/256 [   26s elapsed,    61s left] loss=0.55675 pruned=0   
  control epoch 4/5 77/256 [   26s elapsed,    61s left] loss=0.51079 pruned=0   
  control epoch 4/5 78/256 [   26s elapsed,    60s left] loss=0.53836 pruned=0   
  control epoch 4/5 79/256 [   27s elapsed,    60s left] loss=0.55189 pruned=0   
  control epoch 4/5 80/256 [   27s elapsed,    60s left] loss=0.55099 pruned=0   
  control epoch 4/5 81/256 [   27s elapsed,    59s left] loss=0.51576 pruned=0   
  control epoch 4/5 82/256 [   28s elapsed,    59s left] loss=0.55873 pruned=0   
  control epoch 4/5 83/256 [   28s elapsed,    59s left] loss=0.54665 pruned=0   
  control epoch 4/5 84/256 [   28s elapsed,    58s left] loss=0.53812 pruned=0   
  control epoch 4/5 85/256 [   29s elapsed,    58s left] loss=0.53839 pruned=0   
  control epoch 4/5 86/256 [   29s elapsed,    58s left] loss=0.55225 pruned=0   
  control epoch 4/5 87/256 [   29s elapsed,    57s left] loss=0.54516 pruned=0   
  control epoch 4/5 88/256 [   30s elapsed,    57s left] loss=0.55339 pruned=0   
  control epoch 4/5 89/256 [   30s elapsed,    57s left] loss=0.53200 pruned=0   
  control epoch 4/5 90/256 [   30s elapsed,    56s left] loss=0.54193 pruned=0   
  control epoch 4/5 91/256 [   31s elapsed,    56s left] loss=0.52169 pruned=0   
  control epoch 4/5 92/256 [   31s elapsed,    55s left] loss=0.51791 pruned=0   
  control epoch 4/5 93/256 [   31s elapsed,    55s left] loss=0.56041 pruned=0   
  control epoch 4/5 94/256 [   32s elapsed,    55s left] loss=0.55798 pruned=0   
  control epoch 4/5 95/256 [   32s elapsed,    55s left] loss=0.53695 pruned=0   
  control epoch 4/5 96/256 [   33s elapsed,    54s left] loss=0.54541 pruned=0   
  control epoch 4/5 97/256 [   33s elapsed,    54s left] loss=0.53039 pruned=0   
  control epoch 4/5 98/256 [   33s elapsed,    54s left] loss=0.52411 pruned=0   
  control epoch 4/5 99/256 [   34s elapsed,    53s left] loss=0.54171 pruned=0   
  control epoch 4/5 100/256 [   34s elapsed,    53s left] loss=0.51458 pruned=0   
  control epoch 4/5 101/256 [   34s elapsed,    53s left] loss=0.52509 pruned=0   
  control epoch 4/5 102/256 [   35s elapsed,    52s left] loss=0.52773 pruned=0   
  control epoch 4/5 103/256 [   35s elapsed,    52s left] loss=0.53004 pruned=0   
  control epoch 4/5 104/256 [   35s elapsed,    51s left] loss=0.54741 pruned=0   
  control epoch 4/5 105/256 [   36s elapsed,    51s left] loss=0.52638 pruned=0   
  control epoch 4/5 106/256 [   36s elapsed,    51s left] loss=0.51887 pruned=0   
  control epoch 4/5 107/256 [   36s elapsed,    50s left] loss=0.53963 pruned=0   
  control epoch 4/5 108/256 [   37s elapsed,    50s left] loss=0.52767 pruned=0   
  control epoch 4/5 109/256 [   37s elapsed,    50s left] loss=0.52047 pruned=0   
  control epoch 4/5 110/256 [   37s elapsed,    49s left] loss=0.56335 pruned=0   
  control epoch 4/5 111/256 [   38s elapsed,    49s left] loss=0.52065 pruned=0   
  control epoch 4/5 112/256 [   38s elapsed,    49s left] loss=0.53719 pruned=0   
  control epoch 4/5 113/256 [   38s elapsed,    48s left] loss=0.54471 pruned=0   
  control epoch 4/5 114/256 [   39s elapsed,    48s left] loss=0.51551 pruned=0   
  control epoch 4/5 115/256 [   39s elapsed,    48s left] loss=0.51496 pruned=0   
  control epoch 4/5 116/256 [   39s elapsed,    47s left] loss=0.54844 pruned=0   
  control epoch 4/5 117/256 [   40s elapsed,    47s left] loss=0.52627 pruned=0   
  control epoch 4/5 118/256 [   40s elapsed,    47s left] loss=0.54935 pruned=0   
  control epoch 4/5 119/256 [   40s elapsed,    46s left] loss=0.54159 pruned=0   
  control epoch 4/5 120/256 [   41s elapsed,    46s left] loss=0.53485 pruned=0   
  control epoch 4/5 121/256 [   41s elapsed,    46s left] loss=0.54584 pruned=0   
  control epoch 4/5 122/256 [   41s elapsed,    45s left] loss=0.53777 pruned=0   
  control epoch 4/5 123/256 [   42s elapsed,    45s left] loss=0.54545 pruned=0   
  control epoch 4/5 124/256 [   42s elapsed,    45s left] loss=0.53993 pruned=0   
  control epoch 4/5 125/256 [   42s elapsed,    44s left] loss=0.54261 pruned=0   
  control epoch 4/5 126/256 [   43s elapsed,    44s left] loss=0.51028 pruned=0   
  control epoch 4/5 127/256 [   43s elapsed,    44s left] loss=0.55258 pruned=0   
  control epoch 4/5 128/256 [   43s elapsed,    43s left] loss=0.49794 pruned=0   
  control epoch 4/5 129/256 [   44s elapsed,    43s left] loss=0.54321 pruned=0   
  control epoch 4/5 130/256 [   44s elapsed,    43s left] loss=0.55493 pruned=0   
  control epoch 4/5 131/256 [   44s elapsed,    42s left] loss=0.55356 pruned=0   
  control epoch 4/5 132/256 [   45s elapsed,    42s left] loss=0.53239 pruned=0   
  control epoch 4/5 133/256 [   45s elapsed,    42s left] loss=0.55445 pruned=0   
  control epoch 4/5 134/256 [   45s elapsed,    41s left] loss=0.52750 pruned=0   
  control epoch 4/5 135/256 [   46s elapsed,    41s left] loss=0.53524 pruned=0   
  control epoch 4/5 136/256 [   46s elapsed,    41s left] loss=0.53904 pruned=0   
  control epoch 4/5 137/256 [   46s elapsed,    40s left] loss=0.52067 pruned=0   
  control epoch 4/5 138/256 [   47s elapsed,    40s left] loss=0.53219 pruned=0   
  control epoch 4/5 139/256 [   47s elapsed,    40s left] loss=0.52353 pruned=0   
  control epoch 4/5 140/256 [   47s elapsed,    39s left] loss=0.53820 pruned=0   
  control epoch 4/5 141/256 [   48s elapsed,    39s left] loss=0.53495 pruned=0   
  control epoch 4/5 142/256 [   48s elapsed,    38s left] loss=0.53779 pruned=0   
  control epoch 4/5 143/256 [   48s elapsed,    38s left] loss=0.52531 pruned=0   
  control epoch 4/5 144/256 [   49s elapsed,    38s left] loss=0.54982 pruned=0   
  control epoch 4/5 145/256 [   49s elapsed,    37s left] loss=0.53903 pruned=0   
  control epoch 4/5 146/256 [   49s elapsed,    37s left] loss=0.51420 pruned=0   
  control epoch 4/5 147/256 [   50s elapsed,    37s left] loss=0.52292 pruned=0   
  control epoch 4/5 148/256 [   50s elapsed,    36s left] loss=0.52006 pruned=0   
  control epoch 4/5 149/256 [   50s elapsed,    36s left] loss=0.54220 pruned=0   
  control epoch 4/5 150/256 [   51s elapsed,    36s left] loss=0.55002 pruned=0   
  control epoch 4/5 151/256 [   51s elapsed,    35s left] loss=0.51762 pruned=0   
  control epoch 4/5 152/256 [   51s elapsed,    35s left] loss=0.55477 pruned=0   
  control epoch 4/5 153/256 [   52s elapsed,    35s left] loss=0.54857 pruned=0   
  control epoch 4/5 154/256 [   52s elapsed,    34s left] loss=0.50959 pruned=0   
  control epoch 4/5 155/256 [   52s elapsed,    34s left] loss=0.51746 pruned=0   
  control epoch 4/5 156/256 [   53s elapsed,    34s left] loss=0.51407 pruned=0   
  control epoch 4/5 157/256 [   53s elapsed,    33s left] loss=0.52419 pruned=0   
  control epoch 4/5 158/256 [   53s elapsed,    33s left] loss=0.52704 pruned=0   
  control epoch 4/5 159/256 [   54s elapsed,    33s left] loss=0.53362 pruned=0   
  control epoch 4/5 160/256 [   54s elapsed,    32s left] loss=0.53318 pruned=0   
  control epoch 4/5 161/256 [   54s elapsed,    32s left] loss=0.53302 pruned=0   
  control epoch 4/5 162/256 [   55s elapsed,    32s left] loss=0.51906 pruned=0   
  control epoch 4/5 163/256 [   55s elapsed,    31s left] loss=0.54311 pruned=0   
  control epoch 4/5 164/256 [   55s elapsed,    31s left] loss=0.50944 pruned=0   
  control epoch 4/5 165/256 [   56s elapsed,    31s left] loss=0.55312 pruned=0   
  control epoch 4/5 166/256 [   56s elapsed,    30s left] loss=0.53669 pruned=0   
  control epoch 4/5 167/256 [   56s elapsed,    30s left] loss=0.49987 pruned=0   
  control epoch 4/5 168/256 [   57s elapsed,    30s left] loss=0.51834 pruned=0   
  control epoch 4/5 169/256 [   57s elapsed,    29s left] loss=0.54940 pruned=0   
  control epoch 4/5 170/256 [   57s elapsed,    29s left] loss=0.52277 pruned=0   
  control epoch 4/5 171/256 [   58s elapsed,    29s left] loss=0.54693 pruned=0   
  control epoch 4/5 172/256 [   58s elapsed,    28s left] loss=0.54096 pruned=0   
  control epoch 4/5 173/256 [   58s elapsed,    28s left] loss=0.51391 pruned=0   
  control epoch 4/5 174/256 [   59s elapsed,    28s left] loss=0.52415 pruned=0   
  control epoch 4/5 175/256 [   59s elapsed,    27s left] loss=0.53508 pruned=0   
  control epoch 4/5 176/256 [   59s elapsed,    27s left] loss=0.53214 pruned=0   
  control epoch 4/5 177/256 [   60s elapsed,    27s left] loss=0.53219 pruned=0   
  control epoch 4/5 178/256 [   60s elapsed,    26s left] loss=0.51927 pruned=0   
  control epoch 4/5 179/256 [   60s elapsed,    26s left] loss=0.52779 pruned=0   
  control epoch 4/5 180/256 [   61s elapsed,    26s left] loss=0.52333 pruned=0   
  control epoch 4/5 181/256 [   61s elapsed,    25s left] loss=0.54957 pruned=0   
  control epoch 4/5 182/256 [   61s elapsed,    25s left] loss=0.52680 pruned=0   
  control epoch 4/5 183/256 [   62s elapsed,    25s left] loss=0.53768 pruned=0   
  control epoch 4/5 184/256 [   62s elapsed,    24s left] loss=0.52574 pruned=0   
  control epoch 4/5 185/256 [   62s elapsed,    24s left] loss=0.52026 pruned=0   
  control epoch 4/5 186/256 [   63s elapsed,    24s left] loss=0.53344 pruned=0   
  control epoch 4/5 187/256 [   63s elapsed,    23s left] loss=0.50416 pruned=0   
  control epoch 4/5 188/256 [   63s elapsed,    23s left] loss=0.50794 pruned=0   
  control epoch 4/5 189/256 [   64s elapsed,    23s left] loss=0.53784 pruned=0   
  control epoch 4/5 190/256 [   64s elapsed,    22s left] loss=0.53944 pruned=0   
  control epoch 4/5 191/256 [   64s elapsed,    22s left] loss=0.50717 pruned=0   
  control epoch 4/5 192/256 [   65s elapsed,    22s left] loss=0.51659 pruned=0   
  control epoch 4/5 193/256 [   65s elapsed,    21s left] loss=0.52651 pruned=0   
  control epoch 4/5 194/256 [   65s elapsed,    21s left] loss=0.51906 pruned=0   
  control epoch 4/5 195/256 [   66s elapsed,    21s left] loss=0.53686 pruned=0   
  control epoch 4/5 196/256 [   66s elapsed,    20s left] loss=0.50345 pruned=0   
  control epoch 4/5 197/256 [   66s elapsed,    20s left] loss=0.52535 pruned=0   
  control epoch 4/5 198/256 [   67s elapsed,    20s left] loss=0.51888 pruned=0   
  control epoch 4/5 199/256 [   67s elapsed,    19s left] loss=0.52885 pruned=0   
  control epoch 4/5 200/256 [   67s elapsed,    19s left] loss=0.49240 pruned=0   
  control epoch 4/5 201/256 [   68s elapsed,    19s left] loss=0.52494 pruned=0   
  control epoch 4/5 202/256 [   68s elapsed,    18s left] loss=0.51403 pruned=0   
  control epoch 4/5 203/256 [   69s elapsed,    18s left] loss=0.52042 pruned=0   
  control epoch 4/5 204/256 [   69s elapsed,    18s left] loss=0.53112 pruned=0   
  control epoch 4/5 205/256 [   69s elapsed,    17s left] loss=0.52284 pruned=0   
  control epoch 4/5 206/256 [   70s elapsed,    17s left] loss=0.54456 pruned=0   
  control epoch 4/5 207/256 [   70s elapsed,    17s left] loss=0.53207 pruned=0   
  control epoch 4/5 208/256 [   70s elapsed,    16s left] loss=0.52609 pruned=0   
  control epoch 4/5 209/256 [   71s elapsed,    16s left] loss=0.53786 pruned=0   
  control epoch 4/5 210/256 [   71s elapsed,    16s left] loss=0.53605 pruned=0   
  control epoch 4/5 211/256 [   71s elapsed,    15s left] loss=0.51169 pruned=0   
  control epoch 4/5 212/256 [   72s elapsed,    15s left] loss=0.51923 pruned=0   
  control epoch 4/5 213/256 [   72s elapsed,    15s left] loss=0.54113 pruned=0   
  control epoch 4/5 214/256 [   72s elapsed,    14s left] loss=0.52917 pruned=0   
  control epoch 4/5 215/256 [   73s elapsed,    14s left] loss=0.52917 pruned=0   
  control epoch 4/5 216/256 [   73s elapsed,    13s left] loss=0.53190 pruned=0   
  control epoch 4/5 217/256 [   73s elapsed,    13s left] loss=0.50697 pruned=0   
  control epoch 4/5 218/256 [   74s elapsed,    13s left] loss=0.51283 pruned=0   
  control epoch 4/5 219/256 [   74s elapsed,    12s left] loss=0.53078 pruned=0   
  control epoch 4/5 220/256 [   74s elapsed,    12s left] loss=0.52024 pruned=0   
  control epoch 4/5 221/256 [   75s elapsed,    12s left] loss=0.49597 pruned=0   
  control epoch 4/5 222/256 [   75s elapsed,    11s left] loss=0.52414 pruned=0   
  control epoch 4/5 223/256 [   75s elapsed,    11s left] loss=0.53129 pruned=0   
  control epoch 4/5 224/256 [   76s elapsed,    11s left] loss=0.53407 pruned=0   
  control epoch 4/5 225/256 [   76s elapsed,    10s left] loss=0.50517 pruned=0   
  control epoch 4/5 226/256 [   76s elapsed,    10s left] loss=0.52718 pruned=0   
  control epoch 4/5 227/256 [   77s elapsed,    10s left] loss=0.51997 pruned=0   
  control epoch 4/5 228/256 [   77s elapsed,     9s left] loss=0.52395 pruned=0   
  control epoch 4/5 229/256 [   77s elapsed,     9s left] loss=0.54180 pruned=0   
  control epoch 4/5 230/256 [   78s elapsed,     9s left] loss=0.52051 pruned=0   
  control epoch 4/5 231/256 [   78s elapsed,     8s left] loss=0.52709 pruned=0   
  control epoch 4/5 232/256 [   78s elapsed,     8s left] loss=0.52314 pruned=0   
  control epoch 4/5 233/256 [   79s elapsed,     8s left] loss=0.52677 pruned=0   
  control epoch 4/5 234/256 [   79s elapsed,     7s left] loss=0.53427 pruned=0   
  control epoch 4/5 235/256 [   79s elapsed,     7s left] loss=0.49409 pruned=0   
  control epoch 4/5 236/256 [   80s elapsed,     7s left] loss=0.50448 pruned=0   
  control epoch 4/5 237/256 [   80s elapsed,     6s left] loss=0.51989 pruned=0   
  control epoch 4/5 238/256 [   80s elapsed,     6s left] loss=0.49873 pruned=0   
  control epoch 4/5 239/256 [   81s elapsed,     6s left] loss=0.48128 pruned=0   
  control epoch 4/5 240/256 [   81s elapsed,     5s left] loss=0.49634 pruned=0   
  control epoch 4/5 241/256 [   81s elapsed,     5s left] loss=0.53075 pruned=0   
  control epoch 4/5 242/256 [   82s elapsed,     5s left] loss=0.50144 pruned=0   
  control epoch 4/5 243/256 [   82s elapsed,     4s left] loss=0.52255 pruned=0   
  control epoch 4/5 244/256 [   82s elapsed,     4s left] loss=0.53694 pruned=0   
  control epoch 4/5 245/256 [   83s elapsed,     4s left] loss=0.50767 pruned=0   
  control epoch 4/5 246/256 [   83s elapsed,     3s left] loss=0.53054 pruned=0   
  control epoch 4/5 247/256 [   83s elapsed,     3s left] loss=0.52366 pruned=0   
  control epoch 4/5 248/256 [   84s elapsed,     3s left] loss=0.52981 pruned=0   
  control epoch 4/5 249/256 [   84s elapsed,     2s left] loss=0.52475 pruned=0   
  control epoch 4/5 250/256 [   84s elapsed,     2s left] loss=0.52721 pruned=0   
  control epoch 4/5 251/256 [   85s elapsed,     2s left] loss=0.51336 pruned=0   
  control epoch 4/5 252/256 [   85s elapsed,     1s left] loss=0.50813 pruned=0   
  control epoch 4/5 253/256 [   85s elapsed,     1s left] loss=0.51370 pruned=0   
  control epoch 4/5 254/256 [   86s elapsed,     1s left] loss=0.51833 pruned=0   
  control epoch 4/5 255/256 [   86s elapsed,     0s left] loss=0.50097 pruned=0   
  control epoch 4/5 256/256 [   86s elapsed,     0s left] loss=0.51740 pruned=0   
    epoch 4 mean loss 0.533134
  control epoch 5/5 1/256 [    0s elapsed,    85s left] loss=0.52140 pruned=0   
  control epoch 5/5 2/256 [    1s elapsed,    84s left] loss=0.51912 pruned=0   
  control epoch 5/5 3/256 [    1s elapsed,    84s left] loss=0.50004 pruned=0   
  control epoch 5/5 4/256 [    1s elapsed,    84s left] loss=0.52260 pruned=0   
  control epoch 5/5 5/256 [    2s elapsed,    83s left] loss=0.52194 pruned=0   
  control epoch 5/5 6/256 [    2s elapsed,    83s left] loss=0.53040 pruned=0   
  control epoch 5/5 7/256 [    2s elapsed,    83s left] loss=0.49067 pruned=0   
  control epoch 5/5 8/256 [    3s elapsed,    82s left] loss=0.49611 pruned=0   
  control epoch 5/5 9/256 [    3s elapsed,    82s left] loss=0.51294 pruned=0   
  control epoch 5/5 10/256 [    3s elapsed,    82s left] loss=0.51533 pruned=0   
  control epoch 5/5 11/256 [    4s elapsed,    81s left] loss=0.53611 pruned=0   
  control epoch 5/5 12/256 [    4s elapsed,    81s left] loss=0.52125 pruned=0   
  control epoch 5/5 13/256 [    4s elapsed,    81s left] loss=0.52934 pruned=0   
  control epoch 5/5 14/256 [    5s elapsed,    81s left] loss=0.51905 pruned=0   
  control epoch 5/5 15/256 [    5s elapsed,    81s left] loss=0.52653 pruned=0   
  control epoch 5/5 16/256 [    6s elapsed,    86s left] loss=0.50080 pruned=0   
  control epoch 5/5 17/256 [    6s elapsed,    86s left] loss=0.51626 pruned=0   
  control epoch 5/5 18/256 [    6s elapsed,    85s left] loss=0.52205 pruned=0   
  control epoch 5/5 19/256 [    7s elapsed,    84s left] loss=0.53741 pruned=0   
  control epoch 5/5 20/256 [    7s elapsed,    84s left] loss=0.51535 pruned=0   
  control epoch 5/5 21/256 [    7s elapsed,    83s left] loss=0.52845 pruned=0   
  control epoch 5/5 22/256 [    8s elapsed,    82s left] loss=0.52769 pruned=0   
  control epoch 5/5 23/256 [    8s elapsed,    82s left] loss=0.50495 pruned=0   
  control epoch 5/5 24/256 [    8s elapsed,    82s left] loss=0.51484 pruned=0   
  control epoch 5/5 25/256 [    9s elapsed,    81s left] loss=0.51902 pruned=0   
  control epoch 5/5 26/256 [    9s elapsed,    80s left] loss=0.50815 pruned=0   
  control epoch 5/5 27/256 [    9s elapsed,    80s left] loss=0.48937 pruned=0   
  control epoch 5/5 28/256 [   10s elapsed,    80s left] loss=0.51572 pruned=0   
  control epoch 5/5 29/256 [   10s elapsed,    79s left] loss=0.52236 pruned=0   
  control epoch 5/5 30/256 [   10s elapsed,    79s left] loss=0.52161 pruned=0   
  control epoch 5/5 31/256 [   11s elapsed,    78s left] loss=0.50357 pruned=0   
  control epoch 5/5 32/256 [   11s elapsed,    78s left] loss=0.51270 pruned=0   
  control epoch 5/5 33/256 [   11s elapsed,    78s left] loss=0.49763 pruned=0   
  control epoch 5/5 34/256 [   12s elapsed,    77s left] loss=0.52174 pruned=0   
  control epoch 5/5 35/256 [   12s elapsed,    77s left] loss=0.50280 pruned=0   
  control epoch 5/5 36/256 [   13s elapsed,    77s left] loss=0.52059 pruned=0   
  control epoch 5/5 37/256 [   13s elapsed,    77s left] loss=0.50530 pruned=0   
  control epoch 5/5 38/256 [   13s elapsed,    77s left] loss=0.49790 pruned=0   
  control epoch 5/5 39/256 [   14s elapsed,    76s left] loss=0.51942 pruned=0   
  control epoch 5/5 40/256 [   14s elapsed,    76s left] loss=0.53615 pruned=0   
  control epoch 5/5 41/256 [   14s elapsed,    76s left] loss=0.49206 pruned=0   
  control epoch 5/5 42/256 [   15s elapsed,    75s left] loss=0.49836 pruned=0   
  control epoch 5/5 43/256 [   15s elapsed,    75s left] loss=0.50655 pruned=0   
  control epoch 5/5 44/256 [   16s elapsed,    75s left] loss=0.51293 pruned=0   
  control epoch 5/5 45/256 [   16s elapsed,    75s left] loss=0.52187 pruned=0   
  control epoch 5/5 46/256 [   16s elapsed,    74s left] loss=0.48669 pruned=0   
  control epoch 5/5 47/256 [   17s elapsed,    74s left] loss=0.52225 pruned=0   
  control epoch 5/5 48/256 [   17s elapsed,    73s left] loss=0.51112 pruned=0   
  control epoch 5/5 49/256 [   17s elapsed,    73s left] loss=0.49747 pruned=0   
  control epoch 5/5 50/256 [   18s elapsed,    72s left] loss=0.50967 pruned=0   
  control epoch 5/5 51/256 [   18s elapsed,    72s left] loss=0.52165 pruned=0   
  control epoch 5/5 52/256 [   18s elapsed,    72s left] loss=0.52110 pruned=0   
  control epoch 5/5 53/256 [   19s elapsed,    71s left] loss=0.50167 pruned=0   
  control epoch 5/5 54/256 [   19s elapsed,    71s left] loss=0.50381 pruned=0   
  control epoch 5/5 55/256 [   19s elapsed,    71s left] loss=0.52674 pruned=0   
  control epoch 5/5 56/256 [   20s elapsed,    70s left] loss=0.51694 pruned=0   
  control epoch 5/5 57/256 [   20s elapsed,    70s left] loss=0.49604 pruned=0   
  control epoch 5/5 58/256 [   20s elapsed,    69s left] loss=0.52079 pruned=0   
  control epoch 5/5 59/256 [   21s elapsed,    69s left] loss=0.49729 pruned=0   
  control epoch 5/5 60/256 [   21s elapsed,    69s left] loss=0.51875 pruned=0   
  control epoch 5/5 61/256 [   21s elapsed,    68s left] loss=0.51114 pruned=0   
  control epoch 5/5 62/256 [   22s elapsed,    68s left] loss=0.52704 pruned=0   
  control epoch 5/5 63/256 [   22s elapsed,    67s left] loss=0.50044 pruned=0   
  control epoch 5/5 64/256 [   22s elapsed,    67s left] loss=0.50907 pruned=0   
  control epoch 5/5 65/256 [   23s elapsed,    67s left] loss=0.49763 pruned=0   
  control epoch 5/5 66/256 [   23s elapsed,    66s left] loss=0.50540 pruned=0   
  control epoch 5/5 67/256 [   23s elapsed,    66s left] loss=0.51675 pruned=0   
  control epoch 5/5 68/256 [   24s elapsed,    65s left] loss=0.51585 pruned=0   
  control epoch 5/5 69/256 [   24s elapsed,    65s left] loss=0.50772 pruned=0   
  control epoch 5/5 70/256 [   24s elapsed,    65s left] loss=0.49217 pruned=0   
  control epoch 5/5 71/256 [   25s elapsed,    64s left] loss=0.47936 pruned=0   
  control epoch 5/5 72/256 [   25s elapsed,    64s left] loss=0.50900 pruned=0   
  control epoch 5/5 73/256 [   25s elapsed,    64s left] loss=0.50896 pruned=0   
  control epoch 5/5 74/256 [   26s elapsed,    63s left] loss=0.52789 pruned=0   
  control epoch 5/5 75/256 [   26s elapsed,    63s left] loss=0.52033 pruned=0   
  control epoch 5/5 76/256 [   26s elapsed,    62s left] loss=0.51721 pruned=0   
  control epoch 5/5 77/256 [   27s elapsed,    62s left] loss=0.50106 pruned=0   
  control epoch 5/5 78/256 [   27s elapsed,    62s left] loss=0.51062 pruned=0   
  control epoch 5/5 79/256 [   27s elapsed,    61s left] loss=0.52944 pruned=0   
  control epoch 5/5 80/256 [   28s elapsed,    61s left] loss=0.50574 pruned=0   
  control epoch 5/5 81/256 [   28s elapsed,    61s left] loss=0.51435 pruned=0   
  control epoch 5/5 82/256 [   28s elapsed,    60s left] loss=0.50411 pruned=0   
  control epoch 5/5 83/256 [   29s elapsed,    60s left] loss=0.49960 pruned=0   
  control epoch 5/5 84/256 [   29s elapsed,    60s left] loss=0.50651 pruned=0   
  control epoch 5/5 85/256 [   29s elapsed,    59s left] loss=0.50705 pruned=0   
  control epoch 5/5 86/256 [   30s elapsed,    59s left] loss=0.49931 pruned=0   
  control epoch 5/5 87/256 [   30s elapsed,    58s left] loss=0.51441 pruned=0   
  control epoch 5/5 88/256 [   30s elapsed,    58s left] loss=0.50569 pruned=0   
  control epoch 5/5 89/256 [   31s elapsed,    58s left] loss=0.52049 pruned=0   
  control epoch 5/5 90/256 [   31s elapsed,    57s left] loss=0.52142 pruned=0   
  control epoch 5/5 91/256 [   31s elapsed,    57s left] loss=0.50784 pruned=0   
  control epoch 5/5 92/256 [   32s elapsed,    57s left] loss=0.49401 pruned=0   
  control epoch 5/5 93/256 [   32s elapsed,    56s left] loss=0.51742 pruned=0   
  control epoch 5/5 94/256 [   33s elapsed,    56s left] loss=0.52349 pruned=0   
  control epoch 5/5 95/256 [   33s elapsed,    56s left] loss=0.48371 pruned=0   
  control epoch 5/5 96/256 [   33s elapsed,    56s left] loss=0.51191 pruned=0   
  control epoch 5/5 97/256 [   34s elapsed,    55s left] loss=0.49988 pruned=0   
  control epoch 5/5 98/256 [   34s elapsed,    55s left] loss=0.50364 pruned=0   
  control epoch 5/5 99/256 [   34s elapsed,    54s left] loss=0.53191 pruned=0   
  control epoch 5/5 100/256 [   35s elapsed,    54s left] loss=0.49539 pruned=0   
  control epoch 5/5 101/256 [   35s elapsed,    54s left] loss=0.52591 pruned=0   
  control epoch 5/5 102/256 [   35s elapsed,    53s left] loss=0.49983 pruned=0   
  control epoch 5/5 103/256 [   36s elapsed,    53s left] loss=0.50653 pruned=0   
  control epoch 5/5 104/256 [   36s elapsed,    53s left] loss=0.52152 pruned=0   
  control epoch 5/5 105/256 [   36s elapsed,    52s left] loss=0.50202 pruned=0   
  control epoch 5/5 106/256 [   37s elapsed,    52s left] loss=0.48041 pruned=0   
  control epoch 5/5 107/256 [   37s elapsed,    52s left] loss=0.50566 pruned=0   
  control epoch 5/5 108/256 [   37s elapsed,    51s left] loss=0.51202 pruned=0   
  control epoch 5/5 109/256 [   38s elapsed,    51s left] loss=0.50181 pruned=0   
  control epoch 5/5 110/256 [   38s elapsed,    51s left] loss=0.50740 pruned=0   
  control epoch 5/5 111/256 [   38s elapsed,    50s left] loss=0.49746 pruned=0   
  control epoch 5/5 112/256 [   39s elapsed,    50s left] loss=0.49884 pruned=0   
  control epoch 5/5 113/256 [   39s elapsed,    49s left] loss=0.49269 pruned=0   
  control epoch 5/5 114/256 [   39s elapsed,    49s left] loss=0.50567 pruned=0   
  control epoch 5/5 115/256 [   40s elapsed,    49s left] loss=0.48135 pruned=0   
  control epoch 5/5 116/256 [   40s elapsed,    48s left] loss=0.50366 pruned=0   
  control epoch 5/5 117/256 [   40s elapsed,    48s left] loss=0.51409 pruned=0   
  control epoch 5/5 118/256 [   41s elapsed,    48s left] loss=0.50964 pruned=0   
  control epoch 5/5 119/256 [   41s elapsed,    47s left] loss=0.49091 pruned=0   
  control epoch 5/5 120/256 [   41s elapsed,    47s left] loss=0.49672 pruned=0   
  control epoch 5/5 121/256 [   42s elapsed,    47s left] loss=0.49517 pruned=0   
  control epoch 5/5 122/256 [   42s elapsed,    46s left] loss=0.49352 pruned=0   
  control epoch 5/5 123/256 [   42s elapsed,    46s left] loss=0.50417 pruned=0   
  control epoch 5/5 124/256 [   43s elapsed,    46s left] loss=0.51300 pruned=0   
  control epoch 5/5 125/256 [   43s elapsed,    45s left] loss=0.47530 pruned=0   
  control epoch 5/5 126/256 [   43s elapsed,    45s left] loss=0.50395 pruned=0   
  control epoch 5/5 127/256 [   44s elapsed,    44s left] loss=0.49660 pruned=0   
  control epoch 5/5 128/256 [   44s elapsed,    44s left] loss=0.50447 pruned=0   
  control epoch 5/5 129/256 [   44s elapsed,    44s left] loss=0.49971 pruned=0   
  control epoch 5/5 130/256 [   45s elapsed,    43s left] loss=0.49435 pruned=0   
  control epoch 5/5 131/256 [   45s elapsed,    43s left] loss=0.51356 pruned=0   
  control epoch 5/5 132/256 [   45s elapsed,    43s left] loss=0.50927 pruned=0   
  control epoch 5/5 133/256 [   46s elapsed,    42s left] loss=0.49333 pruned=0   
  control epoch 5/5 134/256 [   46s elapsed,    42s left] loss=0.50540 pruned=0   
  control epoch 5/5 135/256 [   46s elapsed,    42s left] loss=0.48847 pruned=0   
  control epoch 5/5 136/256 [   47s elapsed,    41s left] loss=0.49220 pruned=0   
  control epoch 5/5 137/256 [   47s elapsed,    41s left] loss=0.48472 pruned=0   
  control epoch 5/5 138/256 [   47s elapsed,    41s left] loss=0.49737 pruned=0   
  control epoch 5/5 139/256 [   48s elapsed,    40s left] loss=0.49776 pruned=0   
  control epoch 5/5 140/256 [   48s elapsed,    40s left] loss=0.50941 pruned=0   
  control epoch 5/5 141/256 [   48s elapsed,    40s left] loss=0.49340 pruned=0   
  control epoch 5/5 142/256 [   49s elapsed,    39s left] loss=0.48953 pruned=0   
  control epoch 5/5 143/256 [   49s elapsed,    39s left] loss=0.50439 pruned=0   
  control epoch 5/5 144/256 [   49s elapsed,    38s left] loss=0.50078 pruned=0   
  control epoch 5/5 145/256 [   50s elapsed,    38s left] loss=0.49599 pruned=0   
  control epoch 5/5 146/256 [   50s elapsed,    38s left] loss=0.48470 pruned=0   
  control epoch 5/5 147/256 [   50s elapsed,    37s left] loss=0.50637 pruned=0   
  control epoch 5/5 148/256 [   51s elapsed,    37s left] loss=0.49676 pruned=0   
  control epoch 5/5 149/256 [   51s elapsed,    37s left] loss=0.52050 pruned=0   
  control epoch 5/5 150/256 [   51s elapsed,    36s left] loss=0.50806 pruned=0   
  control epoch 5/5 151/256 [   52s elapsed,    36s left] loss=0.50441 pruned=0   
  control epoch 5/5 152/256 [   52s elapsed,    36s left] loss=0.49192 pruned=0   
  control epoch 5/5 153/256 [   52s elapsed,    35s left] loss=0.49462 pruned=0   
  control epoch 5/5 154/256 [   53s elapsed,    35s left] loss=0.49254 pruned=0   
  control epoch 5/5 155/256 [   53s elapsed,    35s left] loss=0.47933 pruned=0   
  control epoch 5/5 156/256 [   53s elapsed,    34s left] loss=0.50513 pruned=0   
  control epoch 5/5 157/256 [   54s elapsed,    34s left] loss=0.50467 pruned=0   
  control epoch 5/5 158/256 [   54s elapsed,    34s left] loss=0.50991 pruned=0   
  control epoch 5/5 159/256 [   55s elapsed,    33s left] loss=0.50595 pruned=0   
  control epoch 5/5 160/256 [   55s elapsed,    33s left] loss=0.48636 pruned=0   
  control epoch 5/5 161/256 [   55s elapsed,    33s left] loss=0.50525 pruned=0   
  control epoch 5/5 162/256 [   56s elapsed,    32s left] loss=0.48081 pruned=0   
  control epoch 5/5 163/256 [   56s elapsed,    32s left] loss=0.48345 pruned=0   
  control epoch 5/5 164/256 [   56s elapsed,    32s left] loss=0.49396 pruned=0   
  control epoch 5/5 165/256 [   57s elapsed,    31s left] loss=0.49623 pruned=0   
  control epoch 5/5 166/256 [   57s elapsed,    31s left] loss=0.47617 pruned=0   
  control epoch 5/5 167/256 [   57s elapsed,    31s left] loss=0.51461 pruned=0   
  control epoch 5/5 168/256 [   58s elapsed,    30s left] loss=0.50705 pruned=0   
  control epoch 5/5 169/256 [   58s elapsed,    30s left] loss=0.50185 pruned=0   
  control epoch 5/5 170/256 [   59s elapsed,    30s left] loss=0.49380 pruned=0   
  control epoch 5/5 171/256 [   59s elapsed,    29s left] loss=0.47609 pruned=0   
  control epoch 5/5 172/256 [   59s elapsed,    29s left] loss=0.47810 pruned=0   
  control epoch 5/5 173/256 [   60s elapsed,    29s left] loss=0.49987 pruned=0   
  control epoch 5/5 174/256 [   60s elapsed,    28s left] loss=0.49398 pruned=0   
  control epoch 5/5 175/256 [   60s elapsed,    28s left] loss=0.50002 pruned=0   
  control epoch 5/5 176/256 [   61s elapsed,    28s left] loss=0.49730 pruned=0   
  control epoch 5/5 177/256 [   61s elapsed,    27s left] loss=0.47930 pruned=0   
  control epoch 5/5 178/256 [   61s elapsed,    27s left] loss=0.50281 pruned=0   
  control epoch 5/5 179/256 [   62s elapsed,    26s left] loss=0.49965 pruned=0   
  control epoch 5/5 180/256 [   62s elapsed,    26s left] loss=0.49471 pruned=0   
  control epoch 5/5 181/256 [   62s elapsed,    26s left] loss=0.48443 pruned=0   
  control epoch 5/5 182/256 [   63s elapsed,    25s left] loss=0.50459 pruned=0   
  control epoch 5/5 183/256 [   63s elapsed,    25s left] loss=0.49952 pruned=0   
  control epoch 5/5 184/256 [   63s elapsed,    25s left] loss=0.49596 pruned=0   
  control epoch 5/5 185/256 [   64s elapsed,    24s left] loss=0.49175 pruned=0   
  control epoch 5/5 186/256 [   64s elapsed,    24s left] loss=0.49661 pruned=0   
  control epoch 5/5 187/256 [   64s elapsed,    24s left] loss=0.49880 pruned=0   
  control epoch 5/5 188/256 [   65s elapsed,    23s left] loss=0.50285 pruned=0   
  control epoch 5/5 189/256 [   65s elapsed,    23s left] loss=0.48033 pruned=0   
  control epoch 5/5 190/256 [   65s elapsed,    23s left] loss=0.48547 pruned=0   
  control epoch 5/5 191/256 [   66s elapsed,    22s left] loss=0.49287 pruned=0   
  control epoch 5/5 192/256 [   66s elapsed,    22s left] loss=0.49584 pruned=0   
  control epoch 5/5 193/256 [   67s elapsed,    22s left] loss=0.49461 pruned=0   
  control epoch 5/5 194/256 [   67s elapsed,    21s left] loss=0.49527 pruned=0   
  control epoch 5/5 195/256 [   67s elapsed,    21s left] loss=0.50542 pruned=0   
  control epoch 5/5 196/256 [   68s elapsed,    21s left] loss=0.50311 pruned=0   
  control epoch 5/5 197/256 [   68s elapsed,    20s left] loss=0.50230 pruned=0   
  control epoch 5/5 198/256 [   68s elapsed,    20s left] loss=0.50861 pruned=0   
  control epoch 5/5 199/256 [   69s elapsed,    20s left] loss=0.48119 pruned=0   
  control epoch 5/5 200/256 [   69s elapsed,    19s left] loss=0.49379 pruned=0   
  control epoch 5/5 201/256 [   70s elapsed,    19s left] loss=0.49668 pruned=0   
  control epoch 5/5 202/256 [   70s elapsed,    19s left] loss=0.50183 pruned=0   
  control epoch 5/5 203/256 [   70s elapsed,    18s left] loss=0.51543 pruned=0   
  control epoch 5/5 204/256 [   71s elapsed,    18s left] loss=0.50059 pruned=0   
  control epoch 5/5 205/256 [   71s elapsed,    18s left] loss=0.50216 pruned=0   
  control epoch 5/5 206/256 [   71s elapsed,    17s left] loss=0.47245 pruned=0   
  control epoch 5/5 207/256 [   72s elapsed,    17s left] loss=0.48268 pruned=0   
  control epoch 5/5 208/256 [   72s elapsed,    17s left] loss=0.49549 pruned=0   
  control epoch 5/5 209/256 [   72s elapsed,    16s left] loss=0.50494 pruned=0   
  control epoch 5/5 210/256 [   73s elapsed,    16s left] loss=0.48855 pruned=0   
  control epoch 5/5 211/256 [   73s elapsed,    16s left] loss=0.49669 pruned=0   
  control epoch 5/5 212/256 [   74s elapsed,    15s left] loss=0.49373 pruned=0   
  control epoch 5/5 213/256 [   74s elapsed,    15s left] loss=0.50554 pruned=0   
  control epoch 5/5 214/256 [   74s elapsed,    15s left] loss=0.49530 pruned=0   
  control epoch 5/5 215/256 [   75s elapsed,    14s left] loss=0.48292 pruned=0   
  control epoch 5/5 216/256 [   75s elapsed,    14s left] loss=0.49983 pruned=0   
  control epoch 5/5 217/256 [   75s elapsed,    14s left] loss=0.48593 pruned=0   
  control epoch 5/5 218/256 [   76s elapsed,    13s left] loss=0.47537 pruned=0   
  control epoch 5/5 219/256 [   76s elapsed,    13s left] loss=0.49200 pruned=0   
  control epoch 5/5 220/256 [   77s elapsed,    13s left] loss=0.48962 pruned=0   
  control epoch 5/5 221/256 [   77s elapsed,    12s left] loss=0.49013 pruned=0   
  control epoch 5/5 222/256 [   77s elapsed,    12s left] loss=0.49632 pruned=0   
  control epoch 5/5 223/256 [   78s elapsed,    11s left] loss=0.50829 pruned=0   
  control epoch 5/5 224/256 [   78s elapsed,    11s left] loss=0.48241 pruned=0   
  control epoch 5/5 225/256 [   78s elapsed,    11s left] loss=0.49275 pruned=0   
  control epoch 5/5 226/256 [   79s elapsed,    10s left] loss=0.50118 pruned=0   
  control epoch 5/5 227/256 [   79s elapsed,    10s left] loss=0.49126 pruned=0   
  control epoch 5/5 228/256 [   80s elapsed,    10s left] loss=0.48921 pruned=0   
  control epoch 5/5 229/256 [   80s elapsed,     9s left] loss=0.49686 pruned=0   
  control epoch 5/5 230/256 [   80s elapsed,     9s left] loss=0.48541 pruned=0   
  control epoch 5/5 231/256 [   81s elapsed,     9s left] loss=0.47075 pruned=0   
  control epoch 5/5 232/256 [   81s elapsed,     8s left] loss=0.49036 pruned=0   
  control epoch 5/5 233/256 [   82s elapsed,     8s left] loss=0.51431 pruned=0   
  control epoch 5/5 234/256 [   82s elapsed,     8s left] loss=0.50880 pruned=0   
  control epoch 5/5 235/256 [   82s elapsed,     7s left] loss=0.48329 pruned=0   
  control epoch 5/5 236/256 [   83s elapsed,     7s left] loss=0.47875 pruned=0   
  control epoch 5/5 237/256 [   83s elapsed,     7s left] loss=0.47793 pruned=0   
  control epoch 5/5 238/256 [   83s elapsed,     6s left] loss=0.48659 pruned=0   
  control epoch 5/5 239/256 [   84s elapsed,     6s left] loss=0.51615 pruned=0   
  control epoch 5/5 240/256 [   84s elapsed,     6s left] loss=0.49195 pruned=0   
  control epoch 5/5 241/256 [   85s elapsed,     5s left] loss=0.49013 pruned=0   
  control epoch 5/5 242/256 [   85s elapsed,     5s left] loss=0.47062 pruned=0   
  control epoch 5/5 243/256 [   85s elapsed,     5s left] loss=0.49189 pruned=0   
  control epoch 5/5 244/256 [   86s elapsed,     4s left] loss=0.50193 pruned=0   
  control epoch 5/5 245/256 [   86s elapsed,     4s left] loss=0.49132 pruned=0   
  control epoch 5/5 246/256 [   86s elapsed,     4s left] loss=0.50808 pruned=0   
  control epoch 5/5 247/256 [   87s elapsed,     3s left] loss=0.50949 pruned=0   
  control epoch 5/5 248/256 [   87s elapsed,     3s left] loss=0.49495 pruned=0   
  control epoch 5/5 249/256 [   87s elapsed,     2s left] loss=0.50082 pruned=0   
  control epoch 5/5 250/256 [   88s elapsed,     2s left] loss=0.48892 pruned=0   
  control epoch 5/5 251/256 [   88s elapsed,     2s left] loss=0.48723 pruned=0   
  control epoch 5/5 252/256 [   89s elapsed,     1s left] loss=0.49613 pruned=0   
  control epoch 5/5 253/256 [   89s elapsed,     1s left] loss=0.47824 pruned=0   
  control epoch 5/5 254/256 [   89s elapsed,     1s left] loss=0.50284 pruned=0   
  control epoch 5/5 255/256 [   90s elapsed,     0s left] loss=0.49638 pruned=0   
  control epoch 5/5 256/256 [   90s elapsed,     0s left] loss=0.48759 pruned=0   
    epoch 5 mean loss 0.502265
=== Compression benchmark ===============================================
  scoring original ...
  scoring sal-trained ...
  scoring sal+random-33% ...
  scoring sal+magnitude-33% ...
  scoring sal+random-50% ...
  scoring sal+magnitude-50% ...
  scoring control-trained ...
  scoring ctrl+random-33% ...
  scoring ctrl+magnitude-33% ...
  scoring ctrl+random-50% ...
  scoring ctrl+magnitude-50% ...
=== Saving ==============================================================
  model -> /root/results/model (config.json + model.safetensors)
    feature_maps_comparison.png
    compression_table.png
    fi_before_after.png
    latency_comparison.png
  metrics -> /root/results/jepa_sal_benchmark.json
=== Summary =============================================================
M-bM-^TM-^LM-bM-^TM-^@M-bM-^TM-^@M-bM-^TM-^@M-bM-^TM-^@M-bM-^TM-^@M-bM-^TM-^@M-bM-^TM-^@M-bM-^TM-^@M-bM-^TM-^@M-bM-^TM-^@M-bM-^TM-^@M-bM-^TM-^@M-bM-^TM-^@M-bM-^TM-^@M-bM-^TM-^@M-bM-^TM-^@M-bM-^TM-^@M-bM-^TM-^@M-bM-^TM-^@M-bM-^TM-^@M-bM-^TM-^@M-bM-^TM-,M-bM-^TM-^@M-bM-^TM-^@M-bM-^TM-^@M-bM-^TM-^@M-bM-^TM-^@M-bM-^TM-^@M-bM-^TM-^@M-bM-^TM-^@M-bM-^TM-^@M-bM-^TM-^@M-bM-^TM-^@M-bM-^TM-,M-bM-^TM-^@M-bM-^TM-^@M-bM-^TM-^@M-bM-^TM-^@M-bM-^TM-^@M-bM-^TM-^@M-bM-^TM-^@M-bM-^TM-^@M-bM-^TM-^@M-bM-^TM-^@M-bM-^TM-^@M-bM-^TM-,M-bM-^TM-^@M-bM-^TM-^@M-bM-^TM-^@M-bM-^TM-^@M-bM-^TM-^@M-bM-^TM-^@M-bM-^TM-^@M-bM-^TM-^@M-bM-^TM-^@M-bM-^TM-^@M-bM-^TM-^@M-bM-^TM-,M-bM-^TM-^@M-bM-^TM-^@M-bM-^TM-^@M-bM-^TM-^@M-bM-^TM-^@M-bM-^TM-^@M-bM-^TM-^@M-bM-^TM-^@M-bM-^TM-^@M-bM-^TM-^@M-bM-^TM-,M-bM-^TM-^@M-bM-^TM-^@M-bM-^TM-^@M-bM-^TM-^@M-bM-^TM-^@M-bM-^TM-^@M-bM-^TM-^@M-bM-^TM-^@M-bM-^TM-^@M-bM-^TM-^@M-bM-^TM-^P
M-bM-^TM-^B Variant             M-bM-^TM-^B Lin.Probe M-bM-^TM-^B kNN       M-bM-^TM-^B CKA       M-bM-^TM-^B GPU ms   M-bM-^TM-^B CPU ms   M-bM-^TM-^B
M-bM-^TM-^\M-bM-^TM-^@M-bM-^TM-^@M-bM-^TM-^@M-bM-^TM-^@M-bM-^TM-^@M-bM-^TM-^@M-bM-^TM-^@M-bM-^TM-^@M-bM-^TM-^@M-bM-^TM-^@M-bM-^TM-^@M-bM-^TM-^@M-bM-^TM-^@M-bM-^TM-^@M-bM-^TM-^@M-bM-^TM-^@M-bM-^TM-^@M-bM-^TM-^@M-bM-^TM-^@M-bM-^TM-^@M-bM-^TM-^@M-bM-^TM-<M-bM-^TM-^@M-bM-^TM-^@M-bM-^TM-^@M-bM-^TM-^@M-bM-^TM-^@M-bM-^TM-^@M-bM-^TM-^@M-bM-^TM-^@M-bM-^TM-^@M-bM-^TM-^@M-bM-^TM-^@M-bM-^TM-<M-bM-^TM-^@M-bM-^TM-^@M-bM-^TM-^@M-bM-^TM-^@M-bM-^TM-^@M-bM-^TM-^@M-bM-^TM-^@M-bM-^TM-^@M-bM-^TM-^@M-bM-^TM-^@M-bM-^TM-^@M-bM-^TM-<M-bM-^TM-^@M-bM-^TM-^@M-bM-^TM-^@M-bM-^TM-^@M-bM-^TM-^@M-bM-^TM-^@M-bM-^TM-^@M-bM-^TM-^@M-bM-^TM-^@M-bM-^TM-^@M-bM-^TM-^@M-bM-^TM-<M-bM-^TM-^@M-bM-^TM-^@M-bM-^TM-^@M-bM-^TM-^@M-bM-^TM-^@M-bM-^TM-^@M-bM-^TM-^@M-bM-^TM-^@M-bM-^TM-^@M-bM-^TM-^@M-bM-^TM-<M-bM-^TM-^@M-bM-^TM-^@M-bM-^TM-^@M-bM-^TM-^@M-bM-^TM-^@M-bM-^TM-^@M-bM-^TM-^@M-bM-^TM-^@M-bM-^TM-^@M-bM-^TM-^@M-bM-^TM-$
M-bM-^TM-^B original            M-bM-^TM-^B 82.0%     M-bM-^TM-^B 77.4%     M-bM-^TM-^B 1.000     M-bM-^TM-^B 29ms     M-bM-^TM-^B 2498ms   M-bM-^TM-^B
M-bM-^TM-^B sal-trained         M-bM-^TM-^B 82.8%     M-bM-^TM-^B 79.7%     M-bM-^TM-^B 0.982     M-bM-^TM-^B 29ms     M-bM-^TM-^B 2592ms   M-bM-^TM-^B
M-bM-^TM-^B sal+random-33%      M-bM-^TM-^B 77.4%     M-bM-^TM-^B 73.6%     M-bM-^TM-^B 0.836     M-bM-^TM-^B 32ms     M-bM-^TM-^B 2404ms   M-bM-^TM-^B
M-bM-^TM-^B sal+magnitude-33%   M-bM-^TM-^B 78.5%     M-bM-^TM-^B 71.0%     M-bM-^TM-^B 0.865     M-bM-^TM-^B 32ms     M-bM-^TM-^B 2486ms   M-bM-^TM-^B
M-bM-^TM-^B sal+random-50%      M-bM-^TM-^B 63.5%     M-bM-^TM-^B 48.2%     M-bM-^TM-^B 0.658     M-bM-^TM-^B 31ms     M-bM-^TM-^B 2493ms   M-bM-^TM-^B
M-bM-^TM-^B sal+magnitude-50%   M-bM-^TM-^B 65.1%     M-bM-^TM-^B 45.6%     M-bM-^TM-^B 0.661     M-bM-^TM-^B 32ms     M-bM-^TM-^B 2850ms   M-bM-^TM-^B
M-bM-^TM-^B control-trained     M-bM-^TM-^B 83.1%     M-bM-^TM-^B 79.4%     M-bM-^TM-^B 0.982     M-bM-^TM-^B 29ms     M-bM-^TM-^B 2595ms   M-bM-^TM-^B
M-bM-^TM-^B ctrl+random-33%     M-bM-^TM-^B 77.0%     M-bM-^TM-^B 72.8%     M-bM-^TM-^B 0.830     M-bM-^TM-^B 32ms     M-bM-^TM-^B 2507ms   M-bM-^TM-^B
M-bM-^TM-^B ctrl+magnitude-33%  M-bM-^TM-^B 78.0%     M-bM-^TM-^B 70.0%     M-bM-^TM-^B 0.861     M-bM-^TM-^B 32ms     M-bM-^TM-^B 2612ms   M-bM-^TM-^B
M-bM-^TM-^B ctrl+random-50%     M-bM-^TM-^B 62.2%     M-bM-^TM-^B 47.1%     M-bM-^TM-^B 0.654     M-bM-^TM-^B 32ms     M-bM-^TM-^B 2750ms   M-bM-^TM-^B
M-bM-^TM-^B ctrl+magnitude-50%  M-bM-^TM-^B 65.4%     M-bM-^TM-^B 45.4%     M-bM-^TM-^B 0.653     M-bM-^TM-^B 32ms     M-bM-^TM-^B 2599ms   M-bM-^TM-^B
M-bM-^TM-^TM-bM-^TM-^@M-bM-^TM-^@M-bM-^TM-^@M-bM-^TM-^@M-bM-^TM-^@M-bM-^TM-^@M-bM-^TM-^@M-bM-^TM-^@M-bM-^TM-^@M-bM-^TM-^@M-bM-^TM-^@M-bM-^TM-^@M-bM-^TM-^@M-bM-^TM-^@M-bM-^TM-^@M-bM-^TM-^@M-bM-^TM-^@M-bM-^TM-^@M-bM-^TM-^@M-bM-^TM-^@M-bM-^TM-^@M-bM-^TM-4M-bM-^TM-^@M-bM-^TM-^@M-bM-^TM-^@M-bM-^TM-^@M-bM-^TM-^@M-bM-^TM-^@M-bM-^TM-^@M-bM-^TM-^@M-bM-^TM-^@M-bM-^TM-^@M-bM-^TM-^@M-bM-^TM-4M-bM-^TM-^@M-bM-^TM-^@M-bM-^TM-^@M-bM-^TM-^@M-bM-^TM-^@M-bM-^TM-^@M-bM-^TM-^@M-bM-^TM-^@M-bM-^TM-^@M-bM-^TM-^@M-bM-^TM-^@M-bM-^TM-4M-bM-^TM-^@M-bM-^TM-^@M-bM-^TM-^@M-bM-^TM-^@M-bM-^TM-^@M-bM-^TM-^@M-bM-^TM-^@M-bM-^TM-^@M-bM-^TM-^@M-bM-^TM-^@M-bM-^TM-^@M-bM-^TM-4M-bM-^TM-^@M-bM-^TM-^@M-bM-^TM-^@M-bM-^TM-^@M-bM-^TM-^@M-bM-^TM-^@M-bM-^TM-^@M-bM-^TM-^@M-bM-^TM-^@M-bM-^TM-^@M-bM-^TM-4M-bM-^TM-^@M-bM-^TM-^@M-bM-^TM-^@M-bM-^TM-^@M-bM-^TM-^@M-bM-^TM-^@M-bM-^TM-^@M-bM-^TM-^@M-bM-^TM-^@M-bM-^TM-^@M-bM-^TM-^X
FI: 0.0056 -> 0.0057 (+0.0001)
wall clock: 114.0 min
CKA is measured against each arm's own unpruned model.
Everything is in /root/results M-bM-^@M-^T scp that directory back.
